claim_amount,days_to_report,num_prior_claims,policy_age_years,claim_type,is_fraud
2346.34,4,2,3.79,auto,0
15050.61,3,2,11.8,auto,1
6583.73,3,1,7.78,life,0
4564.71,2,0,9.51,life,0
848.12,0,1,4.32,auto,0
847.98,4,1,15.47,home,0
299.19,5,0,6.64,home,0
10056.15,2,1,7.18,home,0
4595.41,3,0,5.42,life,0
6156.25,7,3,8.97,health,0
104.0,5,2,9.54,health,0
17517.79,3,0,10.83,auto,0
8932.15,1,0,19.37,home,0
1193.44,3,2,18.14,home,0
1003.39,4,1,12.38,auto,0
1013.06,1,0,1.26,auto,0
1813.77,3,2,12.44,auto,0
3719.64,3,1,2.25,auto,0
2827.69,4,2,14.35,auto,0
1721.11,1,0,8.11,auto,0
4731.85,2,0,16.84,auto,0
751.17,3,0,18.88,home,0
1727.58,2,1,8.63,home,0
2281.39,1,0,9.48,auto,0
3044.67,1,1,12.01,life,0
7689.68,3,4,4.34,home,0
1113.68,0,0,18.58,health,0
3610.15,3,2,8.94,life,0
4487.52,1,1,3.75,auto,0
237.82,1,0,15.37,home,0
4676.67,7,3,4.77,home,0
934.81,3,1,3.3,auto,0
336.32,2,0,11.48,auto,0
14868.44,4,0,13.59,health,0
16853.15,4,0,11.61,auto,1
8261.66,0,1,13.3,life,0
1816.44,3,3,2.75,health,0
513.89,3,2,9.78,home,0
5763.75,7,2,7.46,auto,0
2900.45,3,1,19.48,home,0
650.76,2,1,1.47,auto,0
3417.74,4,3,6.32,auto,0
174.97,2,0,18.87,health,0
12002.11,2,1,19.68,auto,0
1497.29,3,0,16.59,home,0
5431.28,0,0,1.98,health,0
1867.73,0,2,11.45,auto,0
3670.55,3,1,8.3,home,0
3956.12,4,0,16.23,home,0
1021.94,6,1,1.57,home,0
17464.04,4,1,4.34,health,0
7461.23,2,2,10.04,life,0
14025.47,2,0,3.57,home,0
11260.76,8,0,14.01,home,0
4555.27,4,1,16.5,home,0
12747.18,3,0,14.24,health,0
463.28,1,2,9.09,home,0
1090.67,2,3,17.63,auto,0
231.41,1,3,3.18,auto,1
1967.66,3,2,5.58,life,0
2460.65,4,1,10.05,auto,0
1582.8,0,0,1.7,home,0
8822.79,2,2,2.37,health,0
2206.13,5,2,8.25,auto,0
1649.01,5,1,18.91,home,0
3912.04,3,1,18.21,auto,0
759.49,1,1,9.59,life,0
8102.42,3,0,3.27,auto,0
387.38,2,1,3.97,home,0
21670.73,5,0,7.86,home,0
7397.42,1,0,4.6,health,0
1107.7,3,2,2.12,auto,0
27.69,3,1,13.64,home,0
8449.48,4,3,11.84,auto,1
6135.48,2,1,6.18,auto,0
6528.31,2,0,15.69,health,0
7376.07,1,0,15.63,auto,0
384.65,0,2,10.07,health,0
2219.46,2,1,2.38,health,0
615.75,2,0,18.41,life,0
9942.65,1,1,13.54,home,0
4881.51,5,1,5.32,auto,0
2009.09,7,1,12.4,home,0
328.34,2,1,8.4,life,0
1862.44,2,1,12.89,health,0
1966.57,2,1,9.74,home,0
6539.38,1,0,9.97,life,0
5074.45,2,1,14.85,health,0
10911.26,2,0,12.47,life,0
3195.33,5,0,2.06,home,0
636.86,0,2,1.77,health,0
6245.63,3,1,6.45,health,0
7151.96,2,0,8.89,auto,0
4119.44,5,2,5.87,life,0
7369.45,3,0,13.2,auto,0
3404.07,5,1,4.3,home,0
3698.39,6,0,14.23,health,0
2789.07,3,2,15.58,home,0
128.74,5,1,2.92,health,0
570.84,2,1,13.19,home,0
159.67,0,2,19.25,auto,0
5058.65,6,2,4.26,auto,0
1886.98,5,3,18.23,home,0
3552.19,3,0,12.32,health,0
11906.33,6,0,12.02,auto,0
1433.69,3,0,1.51,home,0
2641.41,1,1,15.09,auto,0
7043.75,0,0,9.83,health,0
1299.03,2,1,14.56,auto,0
400.52,2,2,16.28,health,0
1710.7,4,0,10.71,auto,0
879.04,5,0,5.64,auto,0
13274.75,1,1,3.26,health,0
8254.44,4,1,3.63,home,0
5017.47,3,2,17.41,home,0
10257.6,2,2,2.91,health,0
8139.84,3,2,8.0,home,0
1032.48,2,1,7.02,health,0
11154.07,3,0,17.38,health,0
3875.5,5,0,9.82,home,0
8236.74,2,1,19.93,auto,0
11321.21,5,0,14.87,auto,0
1913.65,1,0,17.09,life,0
582.96,0,3,2.42,life,0
1293.43,4,1,5.44,auto,0
2785.29,6,0,3.14,auto,0
8519.15,4,1,9.54,auto,0
9856.72,3,0,14.51,home,0
34.88,5,1,3.8,auto,0
3574.38,2,1,3.04,health,0
2701.37,2,3,12.48,life,0
1255.84,2,2,4.99,life,0
638.4,4,1,9.85,auto,0
2059.54,3,1,1.5,life,0
14315.61,5,4,13.77,health,0
1951.92,2,0,11.06,auto,0
3657.26,2,1,13.12,home,0
6070.43,3,0,5.87,health,0
2259.87,3,1,5.93,life,0
17838.99,4,1,16.13,auto,0
16410.05,1,2,14.51,auto,0
1450.31,0,0,11.8,home,0
3438.3,1,2,12.75,life,0
1789.65,4,1,2.33,life,0
1676.25,3,2,17.2,auto,0
187.92,4,1,15.51,auto,0
4702.46,1,0,12.01,life,0
3492.6,5,2,18.41,health,0
264.26,3,0,3.79,life,0
1633.13,4,2,13.89,health,0
11944.3,4,0,19.28,auto,0
1369.3,4,1,6.55,health,0
782.65,1,1,0.8,auto,0
3361.36,4,0,14.83,health,0
21220.18,3,2,0.64,home,0
1385.72,2,4,17.51,life,0
5575.78,5,1,1.6,life,0
7169.44,4,0,13.23,auto,0
1356.67,3,0,7.86,auto,0
6513.74,4,0,4.47,home,0
2292.61,4,1,18.02,health,0
5002.52,3,0,15.05,health,0
5019.19,1,1,7.14,life,0
3836.93,2,1,6.04,home,0
473.15,0,0,14.85,auto,0
9018.22,4,0,16.81,auto,0
1934.05,1,0,14.46,auto,0
1032.16,5,1,12.98,home,0
208.15,1,0,4.94,life,0
4468.89,4,1,17.13,auto,0
5659.26,1,1,15.12,health,0
83.63,6,2,10.59,auto,0
3588.15,4,3,10.48,auto,0
1284.12,1,1,11.6,home,0
5180.62,3,0,16.65,home,0
958.02,3,2,14.97,life,0
5871.06,4,2,17.2,home,0
2444.79,2,1,10.39,auto,0
13801.72,4,2,12.68,health,0
739.72,3,2,17.16,life,0
2085.66,3,0,5.03,home,0
602.22,2,2,9.16,auto,0
12930.95,4,1,12.6,auto,0
10491.67,3,0,18.35,auto,0
1491.64,1,1,0.81,auto,0
5393.81,1,0,4.65,life,0
8497.42,2,0,5.07,auto,0
4050.66,2,0,6.87,home,0
3771.4,1,0,5.99,home,0
1384.39,6,1,12.01,health,0
488.63,2,2,17.77,auto,0
11375.62,5,1,12.92,home,0
11533.87,7,1,5.21,auto,0
5013.35,5,2,17.34,auto,0
2070.23,4,1,12.82,auto,0
2147.84,3,0,4.77,home,0
6472.33,4,2,7.55,auto,0
11370.49,1,2,15.9,home,0
10905.66,2,1,14.91,auto,0
7567.81,4,1,11.74,life,0
5136.55,1,0,3.32,home,0
439.46,4,1,16.16,health,0
881.47,6,0,6.5,auto,0
11441.15,3,2,15.55,health,0
4662.47,1,0,13.13,home,0
46.2,2,2,5.65,auto,0
534.98,4,2,4.64,health,0
5445.81,3,0,3.05,health,0
25.37,1,1,5.22,life,0
876.58,7,0,3.58,health,0
3978.49,2,0,12.53,auto,0
5886.58,5,1,12.18,auto,0
5277.21,6,1,11.93,home,0
1269.75,1,1,13.02,auto,0
6227.09,0,0,16.39,health,0
1354.12,2,2,18.31,home,0
1968.17,3,1,4.99,life,0
6861.79,5,1,11.96,home,0
5243.87,0,2,2.03,home,0
9459.78,0,0,2.84,auto,0
5359.07,3,0,13.26,auto,0
4200.22,4,0,9.99,health,0
491.79,3,3,15.29,life,0
2292.08,4,0,8.8,home,0
1540.8,3,2,2.99,health,0
1398.5,5,1,17.51,home,0
18061.55,6,0,2.12,life,0
2496.94,3,2,4.18,auto,0
11130.28,4,0,5.9,home,0
4986.67,1,0,19.91,home,0
7919.13,3,0,8.63,home,0
3492.18,3,0,10.28,auto,0
4300.78,2,1,15.51,home,0
3391.47,4,1,12.91,home,0
1086.07,3,2,16.91,auto,0
6408.81,5,0,9.99,health,0
1647.89,3,0,19.46,health,0
123.08,3,0,16.04,health,0
5184.84,2,0,8.33,home,0
974.67,0,0,7.93,auto,0
14105.42,4,0,18.63,home,0
15387.81,3,2,13.85,auto,0
12317.55,2,1,12.62,home,0
2311.44,4,3,15.28,auto,0
77.89,6,0,11.44,auto,0
13177.62,4,0,3.6,auto,0
2794.69,4,2,6.72,auto,0
17004.21,2,2,11.38,life,0
16568.68,1,1,0.85,life,0
9586.94,1,1,9.03,home,0
1743.88,1,0,15.24,auto,0
2431.46,4,0,3.7,life,0
9523.63,3,2,1.76,life,0
1905.73,4,3,16.8,health,0
928.59,4,2,12.54,home,0
4068.68,2,0,3.94,auto,0
13756.47,6,1,16.22,auto,0
5954.13,3,0,13.33,health,0
4220.56,1,1,7.02,health,0
511.14,3,0,7.84,home,0
4772.65,2,1,3.54,auto,0
23052.85,2,2,16.79,home,0
754.6,3,1,10.43,health,0
3652.48,3,0,11.36,health,0
10493.04,3,2,17.73,home,0
6750.17,3,1,0.81,auto,0
5970.37,6,1,1.8,auto,0
6061.44,6,1,3.65,health,0
2227.46,3,3,1.09,health,0
1737.81,3,0,13.33,auto,0
8286.87,3,0,12.86,auto,0
8306.64,2,0,4.61,home,0
10089.75,3,1,3.41,auto,0
12223.08,3,3,3.34,home,0
3580.47,3,2,19.09,home,0
3480.92,1,1,14.02,health,0
8004.75,4,4,11.92,health,0
5248.6,1,0,6.79,auto,0
6052.75,4,0,8.94,home,0
7943.1,2,0,2.24,auto,0
11036.62,2,0,19.96,health,0
2062.41,5,1,15.22,health,0
2354.68,4,2,12.62,auto,0
493.48,1,1,11.96,auto,0
4317.07,1,1,10.33,auto,0
183.02,5,0,5.52,home,0
3133.03,3,1,4.91,auto,0
3911.47,1,2,11.22,home,0
1688.15,1,0,1.87,home,0
4468.16,5,2,1.95,home,0
154.88,4,0,11.44,health,0
190.32,4,0,18.44,auto,0
8646.76,1,0,18.33,life,0
2232.93,0,0,0.71,auto,0
679.45,4,1,2.59,auto,0
3693.27,2,0,11.87,home,0
7348.24,4,0,17.05,home,0
1215.59,1,1,19.11,auto,0
4876.1,1,2,17.28,home,0
446.06,4,0,13.71,auto,0
265.33,2,0,4.41,health,0
3789.54,1,2,1.92,home,0
3889.55,1,2,1.43,home,0
5072.69,3,2,12.44,life,0
6474.8,4,1,1.21,health,0
18617.79,2,0,14.92,home,0
3631.46,2,1,14.39,home,0
1950.1,4,0,2.05,home,0
7928.27,3,0,18.18,auto,0
1579.26,1,0,10.68,auto,0
2889.92,1,0,18.14,auto,0
408.53,3,1,18.08,health,0
128.39,2,0,4.34,auto,0
16436.9,3,1,7.92,auto,1
9038.84,2,1,3.13,auto,0
5953.21,6,0,15.61,home,0
2629.3,7,0,10.33,home,0
951.53,4,2,18.61,home,0
850.6,2,0,4.56,auto,0
1440.03,2,0,13.92,life,0
3983.95,0,0,19.79,home,0
6269.25,5,2,13.47,home,0
5396.95,2,0,1.84,life,0
1642.06,4,1,11.97,life,0
15490.52,4,0,4.01,home,0
6695.09,4,1,1.09,life,0
4041.15,5,2,7.03,home,0
4730.15,3,1,5.69,auto,0
2720.19,3,0,15.88,auto,0
1423.31,5,1,7.79,home,0
2200.07,4,0,14.79,home,0
7090.91,3,2,0.82,home,0
72.49,4,3,0.79,health,1
616.9,3,1,1.07,home,0
235.47,3,2,4.78,auto,0
207.91,4,0,7.79,auto,0
9671.02,3,2,12.35,life,0
6081.2,1,1,19.73,health,0
3213.92,3,0,7.41,home,0
514.78,2,0,1.59,health,0
3382.59,2,1,4.3,health,0
3207.25,4,0,18.01,life,0
950.97,4,0,14.14,auto,0
2844.5,1,1,15.91,home,0
2541.68,7,2,2.92,auto,0
4783.61,3,1,3.13,life,0
5040.57,2,1,2.69,life,0
231.81,6,1,17.21,health,0
2346.92,0,0,4.59,home,0
4915.62,6,1,13.04,home,0
3497.2,3,1,10.57,home,0
9706.75,3,1,11.12,auto,0
5374.87,5,0,4.31,home,0
889.26,5,2,12.89,auto,0
365.91,2,1,1.34,life,0
5141.97,4,0,19.87,home,0
134.35,3,1,1.02,life,0
4406.74,6,0,1.48,health,0
14086.28,1,2,6.83,auto,0
4283.91,3,1,16.72,auto,0
2456.5,5,1,5.52,life,0
5154.14,3,1,9.7,health,0
3064.78,2,2,0.85,auto,0
3944.07,0,1,2.04,auto,0
14190.64,1,0,12.36,home,0
2439.64,4,1,4.29,auto,0
16245.46,6,1,14.04,auto,0
11787.88,2,2,15.82,health,0
1089.48,4,1,17.08,home,0
359.42,1,0,3.11,home,0
531.13,1,1,9.38,life,0
91.95,9,0,18.97,home,0
496.03,2,1,15.56,health,0
5744.37,2,0,2.78,auto,0
369.25,3,1,10.3,auto,0
1920.79,4,1,18.49,auto,0
9317.63,2,1,9.08,auto,0
117.74,1,1,16.83,life,0
8422.65,2,1,10.17,life,0
1655.42,1,3,2.58,health,0
628.75,0,2,3.38,home,0
5965.78,3,0,1.41,health,0
4957.0,2,1,4.31,home,0
10497.08,6,0,17.93,auto,0
6641.47,2,1,13.18,home,0
8134.98,2,1,14.91,home,0
1656.67,2,1,12.62,auto,0
976.67,6,1,8.04,auto,0
6943.78,1,2,4.73,auto,0
8221.05,4,1,18.55,home,0
23285.02,4,0,10.54,auto,1
2660.4,2,0,9.88,health,0
2326.22,3,0,19.92,home,0
7489.77,0,3,7.99,auto,0
2083.67,3,3,17.16,health,0
13350.69,4,0,17.32,home,0
9774.2,2,1,5.04,auto,0
2801.78,4,1,2.35,health,0
6948.92,0,2,19.52,auto,0
7023.16,2,0,8.8,health,0
544.19,4,1,0.54,home,0
11642.23,4,0,10.23,auto,0
3518.54,2,0,12.58,home,0
8756.66,3,0,15.63,auto,0
1928.68,4,2,18.89,auto,0
11293.95,4,2,18.35,auto,0
2464.94,3,1,18.83,auto,0
54.48,3,1,1.13,health,0
11789.54,3,0,14.38,health,0
478.63,2,0,4.9,health,0
1923.27,3,0,4.16,auto,0
14984.86,4,1,16.11,home,0
15039.75,5,1,8.63,auto,1
4259.99,5,2,18.37,home,0
4996.15,1,0,1.33,health,0
2975.07,5,1,16.14,auto,0
1735.11,4,0,3.17,life,0
1992.43,2,3,3.94,health,0
5581.62,2,2,9.81,health,0
6979.19,1,2,8.21,home,0
7840.98,3,0,9.98,health,0
7794.16,5,1,18.83,life,0
478.18,1,1,13.32,health,0
3410.25,2,2,6.16,auto,0
296.41,3,1,3.87,home,0
3987.31,3,2,8.69,auto,0
2912.78,3,0,9.31,life,0
10933.09,3,1,12.23,life,0
2160.96,5,0,5.69,home,0
622.53,4,1,15.47,health,0
771.54,3,5,2.42,life,0
7167.15,5,0,11.43,auto,0
4814.53,4,1,12.66,home,0
533.04,1,1,4.53,home,0
439.28,3,0,16.61,health,0
6036.04,3,0,12.5,auto,0
377.73,1,0,13.09,health,0
8625.93,5,0,10.21,home,0
6125.0,3,2,18.24,auto,0
424.24,2,2,14.03,auto,0
443.27,3,0,7.95,auto,0
21577.29,3,0,5.15,auto,0
2344.19,3,1,1.89,home,0
2315.28,1,1,3.72,home,0
8377.88,5,2,19.86,auto,0
14710.82,1,0,8.43,home,0
21343.87,4,0,18.02,home,0
6999.5,2,2,3.83,auto,0
2360.1,3,3,8.79,home,0
435.97,4,1,19.23,health,0
7506.21,3,3,2.28,auto,0
4086.8,8,0,12.08,auto,0
2760.17,2,1,18.42,life,0
11841.19,2,1,19.02,health,0
589.4,1,1,17.0,home,0
3392.53,1,0,17.19,home,0
57.09,5,0,13.22,health,0
3161.77,2,4,4.8,health,0
289.75,0,0,14.75,auto,0
632.45,2,1,19.58,home,0
625.13,5,1,10.76,home,0
5237.84,4,0,5.58,auto,0
6852.99,4,1,11.68,life,0
4377.77,4,0,13.97,home,0
16373.6,4,1,4.56,auto,0
2348.98,1,0,14.52,life,0
1682.35,3,2,11.95,auto,0
10147.51,1,2,12.44,auto,0
1265.41,4,0,6.47,home,0
16514.35,4,2,3.53,auto,1
61.14,3,0,12.66,health,0
17512.63,3,0,11.93,auto,1
220.59,3,0,7.09,auto,0
11088.61,4,0,6.27,auto,0
3750.72,2,1,7.27,health,0
24784.14,3,3,10.05,auto,1
383.31,4,0,19.51,home,0
4035.55,5,2,15.39,health,0
17417.88,2,0,17.11,life,0
3702.22,2,0,10.36,health,0
4963.14,1,1,10.76,home,0
5949.51,2,0,4.48,home,0
3030.64,4,0,14.56,home,0
4938.37,2,1,8.72,health,0
4389.13,2,1,14.98,health,0
11571.16,4,1,8.48,life,0
232.56,3,1,2.62,health,0
1649.21,4,1,3.87,auto,0
15019.98,1,0,16.33,health,0
11048.38,3,0,5.54,health,0
3040.88,6,0,5.65,health,0
4839.67,3,0,18.62,life,0
1624.37,1,0,13.32,home,0
1042.02,3,1,2.73,home,0
3115.29,6,1,3.3,auto,0
2179.77,4,5,5.81,home,0
4381.22,4,2,12.08,home,0
404.61,1,1,15.18,life,0
18324.8,5,2,5.85,life,0
21419.33,0,1,17.48,health,0
5989.32,5,2,2.63,auto,0
3840.39,2,0,4.55,home,0
1851.9,0,0,19.42,home,0
8404.54,3,2,3.13,auto,0
5771.65,6,0,17.82,auto,0
887.37,3,2,14.23,health,0
12091.51,2,0,1.93,auto,0
8644.97,2,3,9.93,auto,1
14958.69,2,1,10.62,home,0
6468.02,3,2,18.68,life,0
4752.02,7,0,8.71,health,0
2708.51,0,2,9.21,life,0
13495.09,3,1,2.69,health,0
10051.96,3,0,12.96,home,0
231.36,4,0,4.61,life,0
133.6,3,2,2.01,home,0
2361.74,3,2,19.94,auto,0
8318.24,3,0,5.76,home,0
21821.38,3,0,3.25,health,0
815.05,7,0,14.14,life,0
4508.62,2,1,16.52,auto,0
2397.37,2,0,1.75,home,0
17518.54,3,1,2.56,health,0
9229.57,3,1,2.26,auto,0
9110.95,4,0,1.42,health,0
3162.08,2,0,13.36,home,0
2679.17,3,0,11.97,auto,0
1596.94,3,0,13.42,home,0
290.13,3,2,10.36,home,0
10002.13,2,1,16.44,health,0
8380.59,3,0,11.16,life,0
40862.23,1,0,18.42,home,0
28474.37,5,1,9.97,health,0
4053.26,4,2,15.92,health,0
7326.42,3,1,8.44,auto,0
14480.86,4,2,8.99,home,0
9473.86,3,0,17.06,home,0
1420.76,3,0,2.6,auto,0
2994.13,4,0,11.52,auto,0
691.48,3,0,14.66,life,0
15401.12,4,2,15.13,home,0
4659.24,2,0,12.03,auto,0
1298.02,5,0,9.24,auto,0
5569.15,4,0,5.59,auto,0
4813.35,2,0,18.23,home,0
2217.1,3,1,7.71,auto,0
602.7,4,2,16.08,auto,0
5567.21,4,0,1.12,auto,0
3673.05,4,1,5.03,home,0
7399.04,5,0,7.24,auto,0
3671.55,2,0,13.6,auto,0
9558.85,3,1,6.73,auto,0
4013.77,3,1,1.31,auto,0
4115.57,3,0,3.89,auto,0
10463.79,2,0,5.55,home,0
2583.24,3,0,3.93,home,0
719.44,2,1,4.47,auto,0
146.03,6,2,15.49,health,0
7035.29,4,2,8.53,home,0
4841.99,2,2,8.4,auto,0
6088.33,1,1,19.35,auto,0
1197.41,4,1,9.21,life,0
733.06,4,2,18.59,life,0
73.26,2,3,6.33,auto,0
2158.44,6,2,8.31,auto,0
4456.99,3,1,8.23,home,0
2489.91,0,0,11.15,home,0
2876.6,3,2,11.89,home,0
11725.31,1,1,5.34,home,0
2140.51,2,2,15.97,auto,0
3607.63,3,2,10.18,auto,0
7654.36,2,0,0.64,home,0
2525.4,3,0,12.03,life,0
4865.45,3,1,16.06,auto,0
9915.7,2,0,5.38,health,0
14930.95,5,0,1.24,home,0
795.41,1,1,16.24,auto,0
13058.31,3,1,19.54,health,0
3387.51,3,2,1.99,home,0
1493.68,3,0,18.79,home,0
3072.93,4,3,7.51,home,0
19568.27,4,4,18.86,auto,1
3392.46,1,1,13.15,home,0
1993.08,4,1,17.86,home,0
5017.43,2,1,15.82,auto,0
1373.14,1,1,1.05,home,0
394.48,3,1,1.78,auto,0
689.88,4,1,10.75,auto,0
685.09,0,1,3.03,health,0
823.8,4,1,9.49,auto,0
747.3,3,3,19.12,home,0
5120.42,4,0,6.25,life,0
1003.73,0,1,10.03,auto,0
2120.7,2,1,7.99,home,0
11354.87,6,2,12.78,home,0
3211.91,4,1,4.28,home,0
5506.45,4,0,5.57,home,0
945.64,2,0,17.25,home,0
1067.75,1,1,16.32,auto,0
208.64,2,1,15.89,auto,0
925.24,3,0,15.53,health,0
1632.74,2,0,9.46,auto,0
974.06,4,0,14.71,health,0
464.43,3,1,8.05,health,0
642.78,3,3,2.46,auto,0
3088.15,1,1,8.17,auto,0
1155.46,3,1,3.59,auto,0
2264.91,4,0,8.12,home,0
3500.03,3,1,6.3,health,0
5862.29,2,1,12.18,auto,0
200.53,2,2,7.55,auto,0
8032.47,4,2,14.26,auto,0
4942.97,1,1,10.49,auto,0
426.48,4,0,18.43,home,0
10340.67,1,1,2.27,home,0
12683.47,2,2,13.91,auto,0
315.11,1,0,13.61,home,0
1620.88,1,0,19.04,auto,0
8204.68,2,0,7.75,auto,0
6896.79,4,0,6.46,auto,0
1019.9,3,1,3.86,home,0
1174.5,4,1,5.67,home,0
2313.93,2,2,10.29,auto,0
3313.31,3,3,16.84,auto,1
4815.01,5,2,6.04,auto,0
2301.56,5,1,3.58,auto,0
3104.46,3,0,5.81,home,0
6881.14,4,1,2.47,auto,0
186.86,4,0,18.57,home,0
1454.68,3,1,17.52,auto,0
6247.46,2,0,6.52,home,0
11278.83,3,1,5.32,health,0
3583.9,3,0,18.16,home,0
3797.65,5,0,0.53,auto,0
566.81,3,2,12.21,auto,0
2965.72,2,0,18.36,auto,0
3803.03,4,2,10.42,home,0
1388.46,4,2,0.56,auto,0
1568.37,1,0,4.77,auto,0
2368.32,5,0,18.49,health,0
101.38,2,0,0.83,auto,0
1943.62,1,2,8.2,life,0
1187.78,2,1,15.9,health,0
1983.75,5,1,16.84,health,0
637.82,4,1,9.81,health,0
11060.4,5,0,5.03,auto,0
4501.99,4,0,12.19,auto,0
5683.16,1,0,5.64,auto,0
7783.55,2,0,5.48,auto,0
3450.18,1,1,16.25,auto,0
454.66,4,1,3.51,health,0
3851.29,2,0,0.61,auto,0
4419.62,2,2,7.07,auto,0
6841.08,3,0,10.07,home,0
2825.17,4,1,14.25,auto,0
682.42,2,0,15.73,auto,0
1668.81,3,1,13.44,auto,0
2255.57,4,0,12.72,health,0
5191.12,2,1,13.48,home,0
4228.91,3,2,5.79,home,0
2201.03,2,0,7.96,auto,0
21530.98,5,2,12.52,life,0
4654.17,7,0,1.78,auto,0
1353.97,4,0,6.26,health,0
536.72,2,1,8.43,life,0
829.44,0,1,10.9,home,0
1411.53,3,2,9.99,home,0
875.82,3,2,14.5,auto,0
1032.46,2,0,9.73,auto,0
1678.03,1,1,18.13,health,0
952.01,7,1,7.92,auto,0
11353.76,4,1,10.74,life,0
418.18,7,1,0.56,home,0
3717.06,4,3,6.55,home,0
2641.53,2,2,17.4,home,0
20193.21,2,1,7.0,auto,1
594.14,4,1,5.44,auto,0
2536.29,2,0,11.1,auto,0
17445.3,5,1,2.04,auto,0
10031.22,4,1,10.87,life,0
8493.32,0,0,6.42,auto,0
1491.38,0,0,7.97,home,0
937.0,4,2,15.93,auto,0
5522.8,2,2,13.41,health,0
13251.93,2,1,9.2,home,0
4068.25,5,0,11.76,home,0
4238.64,3,0,15.45,life,0
1642.38,4,0,15.04,health,0
7337.37,0,3,4.11,home,0
1035.39,2,3,6.37,life,0
1955.44,3,0,7.29,home,0
2770.72,3,4,4.16,health,0
3542.42,2,0,0.74,home,0
1388.06,3,2,3.89,auto,0
609.92,2,1,16.26,life,0
4716.0,2,2,11.15,auto,0
1702.82,4,0,7.16,auto,0
4352.27,4,0,12.36,auto,0
838.32,1,1,14.93,auto,0
3280.61,4,0,7.41,auto,0
3802.74,1,1,9.59,home,0
266.07,5,0,1.75,life,0
2051.92,1,0,12.14,auto,0
721.75,4,0,7.45,health,0
327.36,3,1,8.95,auto,0
23006.01,2,1,8.74,auto,1
1945.65,2,1,12.83,home,0
8300.35,1,2,11.66,health,0
1469.44,2,2,8.73,auto,0
5720.71,1,3,0.83,auto,1
7140.33,3,0,12.61,auto,0
4527.23,1,1,17.65,life,0
3189.28,1,2,15.51,auto,0
2653.79,2,1,19.64,home,0
2145.22,5,1,3.21,health,0
13262.78,6,2,4.84,home,0
8878.04,2,1,11.02,life,0
16765.88,3,2,5.1,life,0
663.64,5,1,1.17,home,0
6562.76,5,2,8.34,home,0
13930.64,0,1,6.11,auto,0
999.78,3,0,5.64,life,0
344.05,3,1,19.09,auto,0
6756.97,1,1,5.15,health,0
4272.14,1,1,3.02,auto,0
9220.39,0,4,2.94,auto,1
752.79,3,0,16.22,auto,0
7930.25,2,2,14.44,home,0
1125.9,1,0,3.02,auto,0
893.58,6,3,4.79,auto,1
897.22,0,1,15.07,auto,0
8425.52,1,1,5.86,auto,0
5471.07,3,2,19.64,home,0
3701.88,2,1,11.04,auto,0
2222.31,2,0,4.24,auto,0
10486.01,6,0,17.25,home,0
2491.56,3,3,6.73,health,0
8480.41,1,1,6.13,home,0
2891.37,3,3,6.89,life,0
2365.6,4,1,15.48,auto,0
3105.81,0,0,3.88,health,0
1793.23,2,0,7.94,home,0
6883.89,1,1,1.1,home,0
3493.01,3,2,16.62,home,0
1321.21,5,1,7.14,auto,0
11491.7,4,1,5.34,auto,0
2421.66,2,2,11.81,home,0
3921.41,3,1,14.25,auto,0
11847.48,3,1,16.35,home,0
4894.0,5,0,7.28,health,0
621.57,1,2,16.34,auto,0
14053.08,4,1,9.57,auto,0
4940.38,0,1,2.47,auto,0
2039.13,2,1,17.0,auto,0
749.88,2,1,11.18,auto,0
7900.01,1,0,12.25,auto,0
4838.88,4,0,18.78,auto,0
3812.07,5,1,11.4,auto,0
11216.52,2,3,0.61,auto,1
7769.95,4,1,17.48,life,0
822.46,4,2,6.05,life,0
1867.81,2,0,10.28,auto,0
1428.35,2,1,4.5,auto,0
6811.84,3,1,6.29,home,0
170.54,3,3,13.89,auto,0
4218.57,3,1,8.88,home,0
7187.07,4,1,12.73,auto,0
10468.34,5,0,16.56,auto,0
2093.37,4,2,7.15,health,0
8609.04,4,1,11.58,health,0
586.22,2,0,15.66,life,0
9368.72,2,1,14.44,auto,0
681.9,5,0,11.03,health,0
2531.57,2,2,7.98,home,0
7980.03,1,0,8.45,home,0
812.11,2,1,8.95,health,0
1301.97,4,1,7.3,life,0
6405.22,2,2,14.13,health,0
6365.48,4,0,2.95,auto,0
5124.22,1,0,19.37,home,0
5920.01,3,0,15.69,home,0
3912.35,5,4,6.31,health,0
1450.42,4,0,1.33,home,0
2120.92,1,0,14.37,auto,0
1002.01,2,1,14.82,home,0
11954.38,2,3,19.29,auto,0
4378.05,7,0,5.45,life,0
2561.23,2,2,2.11,auto,0
3099.54,3,2,18.35,home,0
14714.12,3,0,5.54,health,0
832.35,6,2,14.57,home,0
4412.22,2,3,1.68,health,0
3524.97,2,1,15.33,health,0
4726.72,2,2,2.98,auto,0
91.38,1,2,14.06,home,0
10283.47,3,1,10.88,home,0
13449.94,5,0,19.13,home,0
4163.58,4,0,1.22,home,0
5964.35,4,3,6.19,home,0
12787.35,3,1,1.86,auto,0
6141.99,2,1,17.64,home,0
827.55,4,0,12.08,auto,0
4293.51,3,1,10.93,auto,0
4666.1,3,2,3.06,home,0
2759.37,1,2,10.04,home,0
6667.45,4,2,8.27,auto,0
13618.38,3,1,6.66,health,0
12989.38,1,0,15.56,auto,0
2996.82,1,0,1.69,life,0
600.89,1,0,13.11,auto,0
20945.87,2,0,16.55,auto,1
9128.59,3,0,18.19,health,0
665.73,3,1,15.05,home,0
12681.54,3,0,6.01,auto,0
10197.12,1,1,12.21,auto,0
3657.76,3,0,3.26,auto,0
4473.57,2,1,2.78,auto,0
2545.82,1,0,12.95,auto,0
281.59,1,1,17.1,home,0
2041.32,1,2,1.81,health,0
8119.04,4,1,2.57,health,0
23.21,3,1,11.53,auto,0
2028.57,2,1,4.76,health,0
2538.89,2,3,12.43,home,0
3854.42,3,0,4.68,auto,0
12619.63,2,2,2.77,health,0
2125.89,4,3,11.14,auto,0
2130.53,2,1,17.31,auto,0
6687.54,3,2,13.86,auto,0
3009.39,5,2,16.47,home,0
1271.91,5,2,5.69,auto,0
3011.41,2,1,17.78,health,0
759.1,1,2,7.85,home,0
970.27,1,1,17.12,home,0
3449.44,4,0,9.69,auto,0
2714.38,1,1,5.72,health,0
12316.46,4,0,5.58,home,0
2250.17,1,0,11.57,home,0
4344.51,5,1,2.04,health,0
5001.95,1,3,18.64,auto,0
65.9,1,1,5.79,auto,0
5446.34,2,2,7.04,home,0
980.29,4,0,5.05,home,0
16229.99,0,0,0.56,auto,1
804.73,4,0,14.0,auto,0
2677.51,0,2,12.02,auto,0
446.07,1,3,16.29,life,0
28840.41,3,1,1.3,auto,1
3487.73,1,1,18.61,auto,0
4524.1,4,1,6.95,health,0
347.16,3,2,18.3,home,0
6930.68,2,1,2.59,home,0
1178.01,4,0,15.01,home,0
11416.57,7,1,11.8,home,0
1147.94,4,0,7.48,home,0
1057.85,4,2,2.04,auto,0
186.17,3,1,12.29,health,0
3193.93,3,0,1.02,auto,0
4160.22,2,1,10.28,auto,0
339.83,2,1,12.28,auto,0
7470.01,3,3,14.78,health,0
3019.17,3,2,19.83,home,0
3715.79,2,1,5.57,health,0
2905.91,3,1,6.79,home,0
2560.49,3,0,7.15,auto,0
4100.82,3,1,14.77,auto,0
843.52,4,1,18.67,home,0
1004.03,3,1,19.5,auto,0
9894.75,8,0,18.94,auto,0
14604.56,3,1,17.65,health,0
2336.51,2,2,19.82,health,0
1578.66,4,1,7.83,auto,0
5164.12,0,0,18.99,health,0
2627.45,4,0,15.34,home,0
128.57,2,1,3.78,auto,0
848.92,1,2,1.39,auto,0
6293.42,2,2,4.68,auto,0
5378.25,1,0,15.69,auto,0
137.35,1,1,12.82,auto,0
1254.96,4,1,4.87,life,0
1313.81,3,0,14.97,home,0
5572.07,2,1,3.26,health,0
99.54,3,1,16.53,auto,0
549.68,3,2,15.99,auto,0
8045.09,3,0,19.47,health,0
983.39,5,1,3.43,home,0
5288.5,4,1,18.18,health,0
1360.24,1,0,7.15,auto,0
523.7,2,0,8.61,life,0
1393.1,3,2,9.63,home,0
6405.47,3,2,12.72,auto,0
9679.18,5,0,19.9,home,0
8866.25,2,0,12.2,health,0
2530.71,3,3,18.57,auto,0
5514.38,4,2,5.47,life,0
1146.97,2,0,8.27,home,0
1734.67,2,2,10.34,auto,0
11332.99,1,2,6.8,auto,0
65.44,3,2,19.55,auto,0
446.94,4,0,14.65,auto,0
1165.25,6,1,9.84,home,0
134.45,2,2,15.15,health,0
1001.02,5,1,9.62,home,0
4373.84,4,0,0.84,home,0
2735.93,7,2,11.09,auto,0
11159.32,4,1,12.69,life,0
8503.48,3,0,19.63,auto,0
2091.36,2,0,1.3,auto,0
1501.63,5,1,10.49,home,0
2387.7,6,0,2.41,health,0
4461.59,2,1,3.41,life,0
1560.31,2,0,12.4,life,0
4892.81,2,1,5.02,life,0
2633.18,1,1,15.11,home,0
4015.34,4,1,10.53,auto,0
2864.63,5,3,4.76,home,0
1744.0,5,1,10.13,auto,0
14826.34,5,2,0.52,auto,0
7211.27,3,3,17.32,auto,0
754.77,5,0,0.75,auto,0
10142.52,3,0,0.64,home,0
3341.6,0,1,12.42,auto,0
11247.7,2,1,19.48,auto,0
8043.57,2,0,17.19,health,0
2768.78,3,2,5.41,home,0
113.63,3,1,4.34,life,0
1564.5,4,0,12.71,home,0
3900.44,4,3,16.54,auto,0
5018.49,3,1,7.56,auto,0
1491.27,2,0,8.93,home,0
750.37,2,0,2.75,health,0
9006.94,4,1,3.48,auto,0
20803.12,3,0,11.58,health,0
3729.47,0,1,2.5,home,0
941.77,4,0,4.44,auto,0
1589.38,3,0,5.08,home,0
92.81,2,0,9.16,home,0
12284.44,1,2,1.39,auto,0
626.41,3,0,10.25,auto,0
4296.2,3,2,18.61,health,0
1601.41,2,1,0.98,home,0
4039.18,1,2,12.8,auto,0
5269.44,3,1,16.8,life,0
8852.2,5,0,6.59,auto,0
1156.01,4,2,3.06,auto,0
55.28,3,0,1.35,auto,0
736.04,4,1,13.06,health,0
11513.86,6,2,11.27,home,0
10353.01,4,3,4.97,home,0
4549.22,2,1,16.72,life,0
4587.92,2,0,14.84,health,0
5468.67,2,0,5.89,auto,0
964.11,2,1,15.19,health,0
12291.05,2,2,5.28,health,0
2713.05,2,3,13.67,auto,0
2415.55,2,2,2.81,auto,0
3658.58,1,0,14.0,health,0
240.52,2,2,5.16,auto,0
909.31,1,0,11.66,auto,0
6697.7,4,1,3.86,health,0
432.14,1,1,14.66,health,0
4621.01,4,1,1.69,auto,0
1407.5,2,4,3.73,home,0
2465.71,1,0,4.09,home,0
1703.26,4,1,1.31,home,0
2197.74,4,1,15.03,life,0
6347.82,4,2,19.63,home,0
1762.86,2,1,15.68,home,0
4178.22,2,1,17.28,life,0
3231.8,2,0,0.62,auto,0
5448.33,2,0,2.8,auto,0
13809.61,2,2,11.4,home,0
6594.53,5,3,19.57,auto,0
1209.98,1,1,13.38,auto,0
158.4,1,0,7.8,auto,0
1520.85,5,1,3.35,home,0
4520.3,3,0,3.48,health,0
263.98,2,0,7.57,auto,0
3429.53,4,1,14.42,home,0
4542.14,2,0,1.12,auto,0
2034.16,3,1,17.12,home,0
7368.25,3,2,18.86,home,0
563.59,4,1,17.83,life,0
390.55,4,2,18.3,auto,0
6513.24,2,1,0.8,home,0
3420.85,2,1,19.57,auto,0
5830.21,1,0,7.64,home,0
2853.12,6,1,17.45,health,0
1414.48,4,1,4.14,life,0
8549.12,3,1,9.21,auto,0
8032.61,2,1,1.36,health,0
5932.24,2,0,1.28,auto,0
1588.27,2,1,18.89,auto,0
4460.8,5,2,16.31,health,0
2239.05,1,1,10.83,auto,0
480.25,3,1,10.75,auto,0
12463.5,1,1,15.1,auto,0
735.65,1,0,7.16,auto,0
15002.45,7,1,15.36,auto,1
2953.01,6,2,9.96,health,0
1023.65,1,1,12.94,home,0
3903.35,5,0,19.31,home,0
10315.71,3,1,9.69,auto,0
6588.04,2,0,8.66,home,0
8213.97,3,5,18.16,health,0
5376.19,3,1,18.1,life,0
5892.77,4,0,19.85,life,0
9458.86,6,2,11.24,home,0
1436.2,3,0,7.21,life,0
3361.09,3,0,5.19,auto,0
1250.07,5,2,1.16,auto,0
21977.79,0,1,14.67,health,0
14417.32,5,5,5.05,auto,1
201.13,2,2,12.33,auto,0
6113.66,1,3,18.37,life,0
12967.92,4,0,19.03,health,0
995.76,4,0,0.59,auto,0
4196.01,5,1,6.68,health,0
12354.33,2,1,16.83,health,0
172.68,2,3,10.96,life,0
5977.05,4,2,16.25,home,0
1764.47,4,0,17.14,health,0
12911.24,3,3,9.13,health,0
17712.35,1,1,7.5,home,0
14435.87,1,0,9.38,home,0
3214.31,1,1,13.23,home,0
9904.05,1,1,7.66,home,0
9307.14,4,3,15.61,life,0
1921.7,3,1,18.13,auto,0
8827.99,4,0,6.01,auto,0
188.55,3,1,19.32,health,0
4535.04,3,4,12.64,auto,0
1306.88,3,1,17.62,home,0
642.39,0,0,2.53,auto,0
400.38,6,0,5.4,home,0
5958.39,4,3,6.76,life,0
2076.63,1,1,6.41,health,0
6450.68,6,1,3.85,auto,0
337.95,1,0,17.43,life,0
1893.8,3,4,8.66,auto,0
3877.12,6,0,19.28,home,0
7820.49,3,3,11.88,home,0
1919.15,1,1,3.2,life,0
4916.05,4,1,11.15,auto,0
10856.81,1,3,19.87,home,0
4783.78,4,1,11.52,auto,0
1326.08,5,0,0.54,auto,0
123.52,1,1,18.7,life,0
10204.91,2,1,5.08,home,0
107.49,5,1,13.93,health,0
10385.29,9,1,10.54,auto,0
3763.82,5,1,6.85,health,0
13989.96,4,0,6.01,health,0
8016.86,4,2,18.61,home,0
30910.97,4,2,18.28,home,0
2159.39,3,0,10.51,life,0
7287.63,2,1,5.54,health,0
2570.25,2,0,2.5,home,0
3268.44,7,2,3.55,home,0
4937.66,4,2,10.68,health,0
10344.57,3,1,6.5,auto,0
20701.99,1,0,1.32,home,0
7310.99,1,0,9.38,life,0
2704.42,2,0,15.05,life,0
2735.35,2,0,17.89,health,0
6689.09,4,0,11.91,auto,0
1364.15,3,2,14.6,life,0
585.33,4,1,7.6,home,0
2189.6,6,0,10.18,auto,0
1693.05,2,0,14.73,home,0
1757.07,5,2,14.69,health,0
1330.31,1,1,8.78,auto,0
215.02,4,0,11.1,life,0
90.18,2,1,18.52,life,0
21999.89,5,1,12.82,auto,1
2791.1,2,2,13.03,life,0
2425.19,4,1,15.8,life,0
5691.66,2,0,2.75,auto,0
1231.13,6,1,10.7,auto,0
14974.78,2,0,19.21,auto,0
7716.96,0,0,7.55,auto,0
468.32,2,1,6.25,health,0
2702.82,3,0,12.22,auto,0
10564.71,2,1,4.81,life,0
14477.81,4,1,11.34,life,0
3149.94,2,2,3.54,auto,0
4751.97,2,0,11.81,home,0
913.81,4,2,12.25,home,0
23647.22,1,0,8.66,home,0
1317.69,1,0,7.96,auto,0
14300.05,4,2,5.29,auto,0
5244.07,3,0,6.95,auto,0
4679.11,8,0,10.22,auto,0
3594.26,1,0,5.33,life,0
1311.18,4,2,15.77,auto,0
971.13,2,1,14.33,auto,0
1245.42,2,2,5.75,home,0
1031.67,3,1,2.4,auto,0
7561.2,4,2,0.5,auto,0
2154.88,3,3,12.14,home,0
297.92,4,0,4.62,home,0
17385.42,5,2,0.75,auto,1
10761.6,5,1,7.5,home,0
13138.27,2,0,19.26,home,0
26400.25,5,2,13.95,home,0
955.17,3,7,17.23,health,0
2522.91,5,0,3.32,auto,0
7099.02,3,0,1.93,home,0
5953.98,6,0,0.72,health,0
835.56,1,0,19.14,life,0
8459.57,1,2,6.35,health,0
1270.85,4,2,9.46,home,0
1266.84,3,1,8.19,home,0
3849.86,7,1,14.74,home,0
4493.97,2,2,6.54,health,0
4338.53,0,1,10.94,health,0
479.73,2,3,19.91,auto,1
10496.62,3,0,9.16,auto,0
1543.51,2,1,11.25,auto,0
693.52,3,2,10.3,auto,0
10979.79,3,0,16.16,life,0
15578.38,1,2,5.7,auto,1
9907.13,4,1,3.82,auto,0
8290.94,4,0,15.2,health,0
5324.56,4,0,8.6,auto,0
4002.07,3,1,18.32,auto,0
455.02,2,2,13.06,home,0
2625.07,2,0,11.5,home,0
2331.56,2,2,1.87,auto,0
1503.86,0,0,14.74,home,0
6426.28,4,1,13.88,auto,0
3424.66,2,0,12.98,home,0
422.6,4,0,5.72,home,0
1243.48,2,0,18.96,health,0
5748.35,7,2,6.77,home,0
395.92,5,3,3.47,home,0
9525.99,3,1,19.75,home,0
3417.44,1,1,15.05,auto,0
3275.28,4,0,8.59,auto,0
4487.44,1,0,18.75,health,0
8705.74,2,1,2.28,auto,0
2137.09,2,1,2.21,home,0
5666.27,4,1,13.81,auto,0
4170.47,5,0,3.97,health,0
1553.24,2,1,18.38,life,0
10544.56,2,2,16.89,auto,0
7983.25,2,0,6.47,home,0
5371.33,3,2,17.83,home,0
9505.03,4,1,1.34,health,0
10098.1,1,1,11.2,auto,0
6161.23,4,1,18.74,home,0
9070.43,5,1,17.18,home,0
5977.9,1,1,7.44,auto,0
5699.37,2,0,4.07,auto,0
4819.68,3,2,4.61,auto,0
6986.1,1,0,10.53,health,0
863.47,3,0,12.14,auto,0
10637.73,4,0,1.14,home,0
10272.52,4,1,8.56,auto,0
148.42,3,1,16.69,auto,0
8738.24,5,1,9.16,home,0
689.82,1,2,3.8,health,0
2040.73,4,1,19.12,home,0
6803.29,2,1,5.69,health,0
876.29,1,1,16.07,home,0
8517.84,4,0,4.28,home,0
8922.95,3,2,8.75,home,0
3540.98,2,0,10.06,life,0
32.03,2,0,10.26,home,0
1691.64,1,1,10.57,home,0
4797.65,2,1,4.89,home,0
19865.82,4,0,10.56,auto,1
4995.83,4,4,9.89,auto,0
1504.2,6,2,4.57,auto,0
5025.69,1,1,19.77,health,0
3882.49,4,1,17.38,auto,0
7567.13,0,0,17.81,auto,0
565.74,2,0,13.87,life,0
7157.04,2,0,3.62,home,0
3896.43,2,0,11.58,auto,0
16483.11,1,2,16.52,health,0
2091.78,3,2,1.26,auto,0
5006.82,5,0,10.17,home,0
13443.3,1,1,8.22,home,0
540.76,2,0,4.64,auto,0
13841.27,5,0,7.88,auto,0
5821.93,2,2,19.68,auto,0
351.24,2,0,14.6,auto,0
1790.26,4,2,6.34,auto,0
6157.95,2,2,12.3,life,0
348.63,2,1,5.31,home,0
4363.41,3,1,12.41,health,0
2122.35,4,0,17.98,home,0
4849.98,4,2,11.36,home,0
234.11,4,0,14.8,auto,0
10260.56,5,0,9.34,auto,0
18150.97,2,2,10.72,home,0
17349.18,0,2,14.05,health,0
6924.51,3,1,16.34,auto,0
696.81,3,1,13.36,home,0
7099.53,2,0,19.56,auto,0
124.47,3,0,16.49,home,0
111.86,5,1,15.65,home,0
1954.93,1,0,16.98,health,0
3353.44,2,3,5.98,auto,0
7357.24,4,1,8.92,auto,0
5748.93,2,0,11.51,home,0
2952.07,0,1,9.52,life,0
1598.46,5,0,17.03,auto,0
29257.64,0,2,1.03,home,0
2777.21,2,0,4.58,home,0
3001.81,3,0,17.69,auto,0
893.38,2,1,1.65,health,0
7919.08,6,1,4.93,auto,0
5915.66,5,1,7.35,health,0
1247.24,3,1,15.14,home,0
429.87,4,1,11.42,home,0
5704.98,5,1,19.11,auto,0
5313.98,2,2,4.94,health,0
1595.93,2,1,17.51,auto,0
15065.77,4,0,6.02,home,0
818.82,4,2,5.29,health,0
2831.12,7,1,10.22,home,0
14377.84,6,1,1.89,auto,0
2721.29,4,1,7.99,life,0
5087.83,3,2,7.44,auto,0
2534.12,5,1,3.62,life,0
1602.51,2,0,17.29,auto,0
20668.85,6,0,8.02,auto,0
2632.52,2,1,19.65,auto,0
11226.26,6,2,18.04,auto,0
1306.53,3,1,4.3,auto,0
1198.3,2,1,10.35,auto,0
158.15,5,2,12.24,life,0
5272.98,3,1,16.47,health,0
2298.5,2,0,17.77,auto,0
9988.69,2,2,12.67,auto,0
3204.77,1,0,1.19,home,0
17240.41,4,1,9.88,auto,1
1026.06,2,2,17.75,health,0
10148.43,3,0,14.42,home,0
7493.89,2,0,17.47,home,0
7368.46,3,1,13.64,home,0
9314.66,2,0,1.36,home,0
7156.96,0,1,19.38,auto,0
4920.44,2,1,18.4,auto,0
703.47,3,2,2.97,auto,0
165.33,1,1,2.7,home,0
12681.92,2,4,11.01,home,0
4794.04,3,1,15.26,health,0
7961.36,1,0,7.95,auto,0
3284.29,4,2,3.16,home,0
623.9,1,0,10.46,auto,0
668.72,5,2,7.08,home,0
5784.89,1,0,7.36,health,0
2813.28,1,0,13.08,health,0
1119.0,5,0,17.77,life,0
3382.38,0,2,11.39,life,0
331.82,2,2,13.91,health,0
4361.03,2,2,13.37,auto,0
1566.66,4,1,11.25,auto,0
7986.54,2,0,6.56,home,0
1857.94,4,0,7.87,life,0
3036.87,5,0,6.66,home,0
58.44,2,0,18.39,auto,0
376.03,3,0,16.62,life,0
2491.96,4,0,11.8,auto,0
3269.04,5,2,18.29,home,0
4581.71,2,0,17.78,health,0
1724.17,4,1,18.59,health,0
5936.92,4,1,4.82,health,0
9834.94,2,0,14.49,health,0
7567.25,3,0,12.38,home,0
202.13,0,0,14.81,home,0
3274.51,7,0,5.64,home,0
554.27,0,1,14.05,health,0
1385.66,0,2,8.49,auto,0
21585.91,1,0,16.76,auto,0
768.64,1,2,16.01,auto,0
3454.63,0,1,4.62,home,0
4813.71,1,0,4.09,auto,0
6061.12,5,0,14.5,health,0
4100.91,0,0,11.23,auto,0
49.09,6,1,11.37,auto,0
1976.05,3,1,15.17,auto,0
3646.07,4,1,17.17,home,0
459.84,0,1,5.16,auto,0
2158.74,7,0,11.33,auto,0
168.83,4,0,16.66,life,0
409.19,0,1,17.52,health,0
2528.55,2,2,6.1,health,0
711.94,8,1,2.53,home,0
4191.34,3,0,5.04,health,0
5847.29,2,0,18.94,health,0
8061.88,3,1,9.52,life,0
1116.66,4,0,8.66,auto,0
916.51,1,0,0.76,auto,0
552.24,5,0,1.49,auto,0
5058.92,1,3,13.54,life,0
6128.97,5,1,12.0,home,0
160.48,2,0,11.72,home,0
13760.97,1,1,2.65,home,0
266.85,0,1,7.37,health,0
3896.75,2,0,16.34,life,0
6173.2,1,2,3.91,health,0
10238.52,2,0,17.71,health,0
6260.34,0,1,2.87,auto,0
8090.58,3,0,3.8,home,0
2073.41,6,0,9.82,health,0
8432.27,2,2,18.93,health,0
417.53,0,0,6.93,home,0
11260.25,2,0,13.34,auto,0
3965.86,1,0,11.98,auto,0
8499.49,6,2,3.42,auto,0
3010.3,4,1,5.34,home,0
5158.2,1,2,18.64,home,0
3736.99,2,1,4.1,life,0
6576.19,5,0,14.05,home,0
425.77,2,2,19.31,auto,0
311.25,3,2,2.83,auto,0
1419.14,2,0,8.28,health,0
869.06,1,1,4.87,home,0
10270.18,5,1,4.82,home,0
1237.27,3,0,2.82,home,0
18620.51,3,0,13.17,auto,1
2054.12,2,1,15.05,auto,0
1005.19,5,1,13.7,auto,0
7796.07,2,1,18.53,auto,0
5375.08,2,0,3.34,home,0
3447.73,2,0,6.74,home,0
4052.49,0,0,7.22,life,0
6350.59,3,0,5.03,health,0
1296.8,5,0,3.27,home,0
28043.16,2,0,9.99,home,0
18403.2,2,1,16.77,home,0
5253.77,4,2,19.11,auto,0
1112.86,5,1,3.02,life,0
5700.74,4,0,16.55,home,0
374.69,2,4,16.58,life,0
155.66,2,0,8.09,life,0
1489.89,2,0,2.65,home,0
3105.28,2,3,19.81,auto,0
10135.1,2,0,13.28,home,0
6494.51,3,2,19.65,home,0
6787.69,5,0,9.93,health,0
2771.22,3,0,8.21,auto,0
2122.74,3,0,5.32,home,0
2318.43,5,2,19.68,life,0
21970.32,4,1,5.44,life,0
204.68,1,0,0.96,auto,0
10088.21,2,2,10.49,health,0
4321.76,1,0,7.85,auto,0
2886.75,5,0,5.6,health,0
6459.61,0,0,12.87,auto,0
3334.17,5,1,7.6,life,0
10334.53,4,1,8.34,home,0
11548.14,3,1,0.95,auto,0
2738.49,3,0,11.99,auto,0
1620.54,3,2,2.88,auto,0
4486.74,1,1,4.67,home,0
12172.78,1,3,14.48,health,0
1182.8,2,0,6.61,health,0
4877.11,3,2,3.68,health,0
4992.39,3,2,11.76,health,0
6604.65,3,0,4.69,life,0
705.33,4,3,5.78,health,0
6290.82,5,2,12.62,auto,0
11986.27,2,1,14.93,health,0
990.32,2,0,14.92,auto,0
1356.05,3,1,9.9,life,0
17770.89,2,0,9.36,auto,0
998.22,4,0,15.86,auto,0
9633.95,5,0,4.26,auto,0
3389.1,4,0,3.47,home,0
1419.98,4,1,13.46,auto,0
10230.03,5,2,8.49,life,0
2946.69,2,1,14.34,auto,0
3616.15,5,0,5.5,auto,0
2225.45,1,2,6.84,auto,0
4494.11,2,1,17.99,auto,0
892.79,3,3,8.72,home,0
2480.35,3,0,12.02,auto,0
17435.79,3,0,2.58,auto,1
1492.93,2,0,3.99,auto,0
5346.29,5,0,1.2,auto,0
1966.62,3,0,8.78,health,0
7424.46,2,2,19.78,home,0
701.33,3,1,17.54,auto,0
17503.05,6,0,12.84,auto,0
3023.75,8,1,17.29,home,0
1346.27,3,2,12.09,auto,0
381.69,0,1,7.69,home,0
930.19,5,1,3.88,life,0
3667.49,3,0,13.23,auto,0
2054.93,4,2,4.26,auto,0
8827.05,3,1,8.64,auto,0
2818.39,2,4,16.6,home,0
1429.85,3,1,3.02,auto,0
4800.49,1,0,3.02,home,0
6134.11,3,3,4.88,life,0
913.86,0,0,11.26,auto,0
917.33,1,0,5.41,auto,0
186.8,3,1,10.31,health,0
6666.65,1,1,6.39,auto,0
5450.31,0,1,10.37,auto,0
3218.27,0,4,5.91,home,0
9294.96,4,0,19.61,auto,0
8190.99,3,1,10.11,health,0
4401.66,4,3,15.0,auto,1
10135.05,7,0,14.16,home,0
1152.36,3,0,10.07,health,0
593.47,1,0,5.16,auto,0
1571.84,3,0,10.46,auto,0
293.91,3,1,13.78,auto,0
3787.57,2,1,9.47,health,0
13791.91,7,0,2.1,health,0
200.69,2,0,0.85,auto,0
651.17,4,0,6.89,health,0
3009.22,3,0,3.43,health,0
13581.04,2,0,18.17,life,0
1900.13,0,2,3.93,auto,0
3538.61,7,1,8.19,health,0
212.31,5,1,14.39,home,0
802.86,5,0,16.4,health,0
21573.76,1,0,9.82,auto,0
16779.02,4,0,4.03,auto,1
24.76,4,3,5.78,health,0
15163.2,2,1,8.67,health,0
5096.05,1,2,7.61,auto,0
10121.67,4,2,7.3,home,0
3032.46,5,0,3.07,auto,0
3624.18,5,2,18.31,auto,0
3355.43,2,1,1.08,auto,0
5496.03,6,1,9.08,auto,0
752.09,3,1,19.62,home,0
152.16,4,1,13.36,auto,0
1840.34,4,2,7.43,auto,0
6098.49,2,2,3.35,life,0
1127.32,10,1,19.3,auto,0
5595.59,4,0,0.77,home,0
17518.15,3,2,13.79,health,0
493.03,0,0,17.66,auto,0
5582.9,2,2,0.99,auto,0
2932.69,2,1,14.64,home,0
10130.16,1,0,19.98,home,0
974.91,4,1,12.97,home,0
5898.45,4,0,8.59,home,0
9104.35,2,1,17.55,life,0
14467.16,3,1,11.31,auto,0
5748.18,6,1,15.11,health,0
3437.56,2,1,11.96,auto,0
4809.67,2,0,1.25,auto,0
10159.16,4,0,4.66,auto,0
4226.95,5,1,2.04,home,0
154.29,2,1,2.58,health,0
13364.53,2,2,0.8,auto,0
5848.29,4,3,8.71,auto,0
5642.99,3,2,3.98,auto,0
1214.66,4,0,17.19,auto,0
5377.68,3,2,15.13,health,0
2503.26,2,1,11.68,health,0
5266.76,5,0,10.04,health,0
563.57,0,1,5.49,home,0
5362.46,4,2,9.76,home,0
37208.61,3,0,13.0,auto,0
247.06,1,1,15.75,home,0
18899.32,4,1,2.09,home,0
2612.03,4,0,14.32,life,0
10230.17,3,1,14.98,life,0
7625.15,0,0,11.4,life,0
4185.28,3,0,4.68,auto,0
6705.63,5,1,11.01,auto,0
10539.85,1,2,10.3,health,0
2588.75,5,1,9.78,health,0
1980.3,2,1,9.48,health,0
5506.98,2,0,2.66,auto,0
8247.29,2,0,4.07,health,0
7183.42,3,4,2.4,home,0
7992.83,5,1,5.23,home,0
2859.81,5,1,5.64,health,0
8514.19,2,2,5.28,auto,0
640.35,3,2,4.61,home,0
3931.68,0,0,14.84,home,0
28.88,4,0,16.46,home,0
1962.15,2,0,6.88,auto,0
2282.17,8,3,6.45,home,0
2522.34,5,0,16.96,home,0
5944.88,4,1,12.67,home,0
2459.68,3,2,6.22,health,0
2977.32,3,1,14.42,auto,0
1356.05,1,1,7.22,health,0
2336.05,1,2,11.94,home,0
1289.13,3,0,19.86,home,0
380.07,4,0,6.38,auto,0
4624.75,2,0,18.65,auto,0
5516.31,2,1,6.75,health,0
4831.22,4,1,11.04,auto,0
3113.39,2,2,9.47,life,0
2388.45,3,2,15.77,auto,0
9951.06,2,1,1.69,life,0
3660.29,1,0,12.73,home,0
3261.77,4,1,15.33,home,0
129.88,3,1,9.71,auto,0
2087.04,2,0,2.55,auto,0
2391.76,4,1,5.27,auto,0
2544.33,2,1,13.75,home,0
4339.56,3,3,17.96,home,0
3813.59,0,1,8.72,health,0
4681.26,4,0,11.43,health,0
7238.37,4,0,4.95,home,0
8382.85,3,1,8.54,auto,0
6331.42,0,1,7.07,auto,0
15563.99,0,1,13.28,health,0
92.0,3,1,19.7,auto,0
1089.4,2,3,16.36,home,0
37.96,3,0,4.25,auto,0
5213.16,2,1,11.76,auto,0
11415.41,6,0,1.8,home,0
1395.15,4,1,5.31,home,0
13088.85,3,0,3.86,home,0
310.8,4,1,7.04,home,0
13623.64,6,0,13.74,auto,0
2166.41,3,1,10.24,auto,0
534.7,0,1,18.69,home,0
3326.41,0,1,4.65,home,0
1483.79,7,1,7.6,auto,0
1676.47,5,0,6.93,home,0
1835.72,2,1,5.1,home,0
8123.42,6,2,19.87,auto,0
3873.54,6,1,8.05,health,0
1864.8,2,3,18.84,home,0
4712.32,4,2,8.11,auto,0
6296.56,2,1,4.48,home,0
1591.56,1,0,2.82,home,0
2668.33,5,1,17.18,life,0
649.89,7,1,1.13,health,0
999.27,0,0,19.31,auto,0
5714.67,2,2,8.65,auto,0
1001.03,0,0,5.32,health,0
3723.92,4,1,12.54,health,0
6172.95,5,0,3.09,auto,0
565.15,2,0,1.91,auto,0
4188.69,1,0,16.64,health,0
1482.35,3,1,8.78,health,0
16474.31,2,0,10.61,auto,0
3303.84,3,1,3.95,home,0
8199.29,3,2,1.7,auto,0
3995.06,5,1,7.67,auto,0
221.92,4,1,10.37,auto,0
5014.03,2,1,15.43,home,0
15121.0,7,0,10.27,health,0
4601.64,3,0,15.76,home,0
8551.51,3,1,2.75,auto,0
10779.73,0,0,1.75,health,0
1294.37,6,2,3.6,auto,0
1191.57,3,0,15.55,health,0
4720.64,0,1,15.31,health,0
2646.89,6,3,3.26,auto,1
9158.57,3,0,1.1,auto,0
11514.08,6,0,13.86,health,0
2180.3,1,2,17.18,home,0
1351.64,5,2,15.21,auto,0
7582.6,4,0,4.45,health,0
1606.58,4,0,11.88,auto,0
8647.14,4,2,15.27,auto,0
2755.97,1,0,5.49,home,0
5506.33,1,0,10.79,home,0
502.06,9,1,6.63,auto,0
4888.96,6,1,4.9,auto,0
3005.28,4,1,19.41,home,0
4416.8,2,2,18.3,home,0
919.7,3,1,9.19,health,0
6675.61,4,1,3.17,home,0
9931.47,4,2,14.69,home,0
1221.45,2,1,5.49,auto,0
503.05,1,1,3.79,health,0
119.61,4,1,7.94,auto,0
5135.71,1,0,10.83,home,0
4670.92,4,0,2.4,life,0
3955.98,5,1,11.65,health,0
1319.48,2,0,0.8,home,0
2478.91,4,0,17.89,health,0
4512.88,2,0,18.45,life,0
3433.51,3,0,14.79,health,0
22025.67,4,1,9.6,home,0
733.46,4,1,5.47,home,0
5939.59,3,1,15.01,auto,0
2590.25,5,0,18.67,home,0
2794.83,3,1,3.59,auto,0
6322.11,2,0,9.58,home,0
5895.36,1,1,6.65,home,0
23696.93,4,1,7.46,auto,0
687.09,2,0,8.41,auto,0
549.69,4,0,19.06,auto,0
6442.91,5,1,5.54,auto,0
4318.34,0,0,10.11,home,0
1602.13,2,1,19.05,life,0
413.75,2,1,9.78,health,0
447.75,2,1,17.34,auto,0
11230.59,1,1,1.65,auto,0
1065.15,2,1,19.08,home,0
1953.16,2,2,4.16,home,0
1285.16,7,1,19.61,home,0
2192.5,2,0,3.92,auto,0
359.76,3,0,9.17,auto,0
3660.06,1,2,6.52,auto,0
350.03,4,0,8.95,home,0
8056.11,2,0,5.39,health,0
1330.99,3,1,19.32,health,0
3882.77,5,1,6.46,home,0
10604.61,3,0,13.24,health,0
5261.66,3,0,3.18,life,0
3806.68,3,1,16.58,health,0
1960.28,4,1,11.08,health,0
2024.84,6,1,19.6,life,0
5535.55,5,2,8.76,auto,0
25697.48,1,0,4.31,auto,1
5421.17,4,1,7.25,life,0
4079.78,1,1,14.87,home,0
6558.73,3,1,13.35,health,0
3129.36,4,0,15.68,health,0
310.13,4,1,1.93,auto,0
4131.07,5,0,11.82,home,0
15806.02,3,0,18.68,home,0
963.7,1,1,2.6,auto,0
5855.99,1,2,2.34,auto,0
1121.56,4,1,14.47,home,0
3837.5,5,1,6.65,auto,0
508.37,2,2,13.34,auto,0
2992.56,4,0,11.13,auto,0
7056.28,6,0,19.73,health,0
2135.27,3,1,17.84,health,0
5466.81,3,0,13.72,home,0
7934.71,3,2,5.6,home,0
13098.67,2,0,5.61,life,0
1337.06,4,2,17.7,auto,0
2548.43,2,0,11.91,auto,0
826.83,1,2,15.89,auto,0
24453.27,2,1,9.27,auto,1
13086.55,2,1,2.51,auto,0
3882.18,4,1,6.99,auto,0
9226.85,4,1,3.64,auto,0
3679.83,3,3,15.75,home,0
4885.32,4,0,14.16,auto,0
466.74,4,3,2.22,home,0
7038.01,1,0,12.62,home,0
683.19,5,0,17.55,auto,0
8745.44,4,3,14.1,health,0
7616.95,1,0,10.47,home,0
6167.78,5,1,6.58,auto,0
184.15,4,1,17.8,auto,0
1805.77,1,1,8.74,health,0
1526.6,2,1,17.18,health,0
2232.5,4,2,15.77,home,0
458.62,2,0,16.42,auto,0
13819.76,6,1,19.8,home,0
4034.97,4,0,15.1,home,0
1822.99,6,2,1.16,health,0
2529.04,4,0,4.51,home,0
2963.82,4,1,1.19,auto,0
4588.89,2,0,4.2,auto,0
3625.04,1,0,1.7,auto,0
12590.79,3,0,10.28,home,0
3435.46,2,2,1.05,auto,0
24241.32,4,1,9.72,home,0
9533.33,5,0,18.03,home,0
1169.19,0,1,15.1,auto,0
13339.0,5,1,18.91,home,0
618.56,3,1,4.92,home,0
8503.65,3,0,10.86,home,0
2395.21,5,0,6.71,health,0
10517.62,0,0,10.13,home,0
10126.91,3,0,11.36,auto,0
8197.56,1,0,1.21,health,0
7803.96,2,5,5.05,health,0
1816.91,3,2,14.24,health,0
421.91,1,0,15.57,home,0
2579.02,1,1,11.6,auto,0
952.93,4,0,5.78,auto,0
5936.42,5,0,8.4,home,0
2124.0,5,0,2.37,auto,0
18567.95,2,0,19.09,health,0
5121.78,2,1,17.44,auto,0
8643.38,3,0,1.78,home,0
710.84,5,0,3.75,home,0
9903.03,6,2,11.83,home,0
12804.01,3,0,5.03,health,0
3338.0,1,1,18.72,home,0
4660.23,2,0,15.23,auto,0
7236.8,2,0,5.83,auto,0
960.88,2,1,0.62,health,0
3491.46,2,1,16.09,health,0
2543.0,2,0,8.77,auto,0
791.31,3,2,13.03,auto,0
2290.65,4,2,6.1,auto,0
353.04,3,1,3.29,life,0
130.75,2,0,13.67,auto,0
726.09,2,0,9.28,auto,0
16499.77,5,2,5.09,auto,0
3987.31,3,0,3.18,health,0
16880.89,2,1,11.82,health,0
2832.55,1,1,14.65,auto,0
1868.5,5,1,6.04,auto,0
3527.53,2,1,14.84,home,0
2894.73,2,0,4.07,auto,0
558.37,5,2,7.1,auto,0
5119.75,2,1,15.03,health,0
1216.97,3,1,13.37,health,0
4832.5,0,3,5.78,life,0
5251.98,0,2,2.88,home,0
824.52,1,3,1.33,auto,1
316.56,4,1,16.84,health,0
7587.98,6,1,1.97,auto,0
3079.08,3,2,2.74,auto,0
299.62,1,0,5.14,auto,0
26359.66,0,1,9.19,life,0
297.59,0,1,15.9,health,0
5937.8,0,0,5.33,auto,0
20576.49,1,0,11.1,auto,0
1366.79,3,1,2.26,health,0
767.21,5,2,9.56,health,0
647.04,7,0,3.96,home,0
1806.82,0,2,4.62,auto,0
532.62,4,1,7.65,home,0
5890.9,2,0,15.35,home,0
321.58,2,1,15.01,life,0
3560.86,4,1,8.59,auto,0
28564.4,0,0,2.81,home,0
8409.24,3,1,5.97,auto,0
4775.41,1,0,10.35,home,0
1828.24,3,1,17.45,auto,0
4889.45,6,0,19.38,health,0
3743.74,3,1,12.93,auto,0
2776.36,5,2,7.34,home,0
700.39,2,1,14.02,home,0
10884.36,1,1,7.06,health,0
2987.23,4,0,12.7,health,0
1082.22,7,1,5.25,auto,0
2292.43,2,0,5.71,auto,0
2673.28,4,1,1.97,home,0
8787.89,4,0,8.69,home,0
6614.05,0,1,12.55,auto,0
7333.29,5,0,15.88,health,0
55.46,7,0,16.3,auto,0
2690.59,1,0,19.85,life,0
3282.57,2,0,2.21,auto,0
96.89,3,2,10.12,auto,0
1504.26,1,1,10.67,auto,0
7141.62,2,0,16.19,home,0
737.34,2,0,5.69,auto,0
3831.93,1,0,1.85,health,0
1211.64,7,1,6.62,auto,0
60.97,0,1,19.69,auto,0
1380.09,8,2,18.04,health,0
18622.28,3,0,8.21,life,0
8085.77,3,1,17.59,home,0
16041.74,0,0,1.14,health,0
3345.73,3,1,6.63,auto,0
581.19,1,1,14.67,auto,0
3969.92,3,2,4.82,auto,0
3029.14,1,1,4.37,life,0
9300.95,1,1,17.31,home,0
516.16,5,1,12.51,auto,0
3349.51,4,0,19.79,auto,0
812.88,9,1,3.13,auto,0
1962.81,2,0,7.44,auto,0
6684.8,2,0,6.57,home,0
3231.49,2,3,17.66,auto,1
2357.13,2,2,5.48,auto,0
2508.31,4,0,7.39,auto,0
3075.81,1,1,3.29,home,0
7685.97,2,1,15.62,home,0
11132.04,2,1,5.14,home,0
15542.79,3,0,1.83,health,0
7730.05,1,1,8.98,auto,0
1894.65,1,1,8.13,auto,0
5825.92,5,2,3.96,health,0
2877.74,4,1,3.11,auto,0
1469.65,7,1,17.98,home,0
9190.22,1,1,1.82,life,0
195.92,2,0,2.44,home,0
11601.81,5,1,5.28,auto,0
3094.63,4,2,19.08,life,0
5069.54,5,0,2.16,auto,0
5384.56,4,0,16.41,home,0
11274.58,3,3,17.9,auto,0
5062.21,4,1,7.87,home,0
4758.73,6,1,6.23,home,0
344.89,4,2,13.71,home,0
3653.29,6,2,14.2,health,0
813.59,2,0,15.71,life,0
6686.26,4,3,16.7,auto,0
3589.47,0,0,5.73,health,0
5700.73,3,0,13.9,auto,0
212.83,1,0,3.13,auto,0
443.02,4,2,10.46,life,0
6299.6,2,2,12.45,home,0
374.07,3,2,3.65,auto,0
369.61,4,1,1.99,home,0
60.91,5,0,4.3,auto,0
15675.13,2,0,8.7,home,0
6687.68,4,1,17.81,home,0
2178.99,5,2,10.87,health,0
1758.69,4,1,15.1,auto,0
2151.63,5,1,3.9,auto,0
7450.58,1,3,2.57,auto,1
5414.25,3,1,5.17,auto,0
1024.04,5,1,6.62,life,0
956.46,1,0,11.19,life,0
517.9,0,2,17.68,health,0
5398.5,1,1,8.81,home,0
7227.52,2,3,10.62,health,0
1539.74,3,1,0.59,auto,0
105.84,1,2,1.15,auto,0
428.72,2,0,2.13,auto,0
17188.28,2,1,14.13,health,0
1750.94,5,3,9.98,home,0
7331.52,1,0,4.26,home,0
4899.66,3,1,12.06,auto,0
2405.85,2,2,11.12,home,0
1151.39,4,2,2.23,health,0
647.05,5,0,12.99,auto,0
4772.73,3,2,15.46,home,0
7450.14,3,1,6.09,auto,0
5162.78,3,0,13.91,health,0
3778.33,2,1,4.39,home,0
214.28,3,2,15.26,auto,0
17287.06,6,0,18.28,home,0
8015.15,2,1,9.12,auto,0
1732.36,1,1,5.27,health,0
19552.7,3,1,8.28,life,0
4605.03,1,1,5.38,home,0
4366.43,4,2,0.52,auto,0
6893.08,5,0,13.18,home,0
8350.45,2,0,1.33,home,0
5342.53,3,0,4.6,auto,0
685.38,0,0,14.59,auto,0
2064.47,1,1,13.48,health,0
13161.26,7,0,1.93,health,0
1271.98,6,4,13.37,health,0
2327.41,2,0,18.65,home,0
2828.85,2,1,1.95,health,0
2893.78,3,0,8.61,home,0
4745.87,4,1,14.72,auto,0
14330.18,3,4,13.52,health,0
1376.74,4,1,4.92,life,0
647.7,1,1,3.68,health,0
1099.93,4,2,15.79,health,0
10898.52,3,0,19.15,health,0
5189.62,4,0,15.47,home,0
1683.71,4,1,19.28,health,0
8462.66,4,2,12.3,home,0
9879.73,3,1,18.62,auto,0
9370.74,0,0,13.96,health,0
12562.0,4,2,18.22,life,0
1453.37,3,0,3.65,auto,0
7033.34,6,0,16.4,health,0
3085.93,1,0,4.34,auto,0
9225.76,3,0,1.03,life,0
6518.79,3,2,10.59,home,0
7490.54,3,1,6.71,home,0
5337.92,3,1,1.35,health,0
976.6,2,1,19.62,health,0
3937.59,3,0,13.5,health,0
20889.63,3,1,18.09,life,0
13854.0,3,0,19.98,auto,0
220.67,2,0,8.14,auto,0
900.51,2,1,5.47,health,0
706.26,2,2,4.09,life,0
6472.77,5,1,10.55,auto,0
8512.85,2,1,12.32,auto,0
1200.89,6,1,9.71,auto,0
3524.61,4,0,8.05,auto,0
9184.93,3,2,3.78,health,0
6598.82,3,0,9.12,auto,0
3907.02,0,0,2.16,auto,0
4462.23,5,0,17.37,health,0
3550.05,2,1,1.41,auto,0
1765.89,3,1,7.92,health,0
4162.3,3,0,2.45,auto,0
5837.97,4,0,15.61,home,0
10330.57,2,0,6.6,auto,0
5057.01,5,2,2.71,auto,0
7159.0,1,4,10.86,home,0
872.19,4,1,18.37,health,0
3095.37,0,0,18.22,home,0
46.88,6,2,5.37,auto,0
1416.32,2,1,14.53,health,0
6481.57,2,2,1.09,auto,0
24024.18,1,1,3.07,life,0
522.24,4,0,10.24,auto,0
2566.6,1,1,4.96,home,0
8048.96,4,1,16.07,auto,0
1141.0,3,0,18.66,home,0
4049.36,2,3,0.58,home,1
6603.87,3,4,5.04,home,0
4785.37,3,0,9.07,auto,0
1041.43,3,0,11.48,health,0
2195.51,1,3,18.36,health,0
7657.57,2,1,17.89,home,0
4039.72,4,1,12.92,home,0
26.22,2,1,5.52,home,0
7156.27,5,1,15.77,auto,0
179.75,4,2,4.45,life,0
6846.87,4,0,19.32,auto,0
1131.25,3,0,0.61,home,0
15859.18,1,1,11.61,home,0
2293.86,0,0,2.22,home,0
1979.54,2,1,8.45,health,0
806.06,1,0,12.88,auto,0
1823.57,1,0,13.95,health,0
10463.68,4,2,15.82,home,0
28043.73,1,0,12.07,auto,1
2296.78,3,1,5.4,home,0
2976.57,5,2,17.84,health,0
6401.95,4,1,16.32,auto,0
10866.38,5,0,3.62,home,0
4495.26,4,2,16.62,home,0
2484.0,4,0,19.47,home,0
2660.43,2,1,12.93,health,0
5947.36,0,2,6.0,auto,0
16.12,2,1,12.33,home,0
4832.52,5,0,7.18,home,0
2196.35,6,0,13.68,auto,0
7904.19,1,0,11.12,life,0
488.01,0,0,18.63,auto,0
4436.11,4,2,12.55,auto,0
3279.0,4,5,4.67,health,0
5140.66,5,0,14.64,auto,0
335.26,3,2,6.37,health,0
4337.31,1,1,5.81,health,0
4121.8,5,1,8.14,auto,0
4112.41,2,4,0.73,auto,1
4625.24,4,1,19.4,auto,0
5642.29,1,1,10.88,auto,0
8173.5,4,1,15.58,auto,0
1572.33,6,1,5.53,health,0
8716.26,1,2,15.06,health,0
3448.32,3,1,11.56,auto,0
400.95,2,1,8.77,health,0
301.68,2,1,19.43,auto,0
2034.12,4,0,10.13,home,0
7683.19,5,1,13.32,auto,0
6149.55,1,3,0.8,auto,1
7770.37,2,1,6.38,health,0
3641.48,4,0,17.83,home,0
2900.87,4,1,15.3,home,0
797.63,4,1,10.97,home,0
1988.92,6,0,18.05,auto,0
2845.98,3,0,9.98,health,0
463.87,4,1,11.55,health,0
1246.23,4,1,7.95,auto,0
4559.32,1,3,12.59,auto,0
6652.65,2,0,6.72,home,0
32027.36,1,1,8.02,home,0
13523.78,2,0,19.34,home,0
5144.01,1,1,2.67,home,0
2734.41,8,0,2.55,life,0
5055.44,2,2,1.34,auto,0
7700.76,2,1,6.74,home,0
629.72,6,0,8.27,home,0
2637.36,2,0,2.34,home,0
9156.73,2,0,11.21,auto,0
2421.19,0,2,11.87,home,0
4241.67,1,1,15.15,home,0
4430.86,1,0,19.53,home,0
1019.62,4,0,12.58,auto,0
2248.93,2,3,2.68,home,0
2036.17,5,2,2.23,health,0
132.73,3,1,15.66,health,0
122.45,3,0,13.18,health,0
8909.95,5,0,3.66,home,0
1594.63,3,2,5.44,auto,0
3649.87,3,1,15.13,home,0
1774.28,5,1,11.54,auto,0
14123.98,4,1,11.91,health,0
1500.78,1,1,4.6,auto,0
2807.59,4,3,12.77,health,0
10307.23,3,0,15.53,health,0
9223.7,1,0,17.76,health,0
1029.6,3,1,14.87,health,0
8113.71,2,2,11.74,home,0
3064.17,3,0,13.63,home,0
3298.26,1,0,9.96,auto,0
716.35,1,3,4.92,auto,0
420.18,2,0,17.7,auto,0
6508.65,4,0,10.89,auto,0
3430.47,2,2,12.09,life,0
2871.05,2,0,19.81,auto,0
6537.57,4,2,19.71,health,0
7251.77,2,1,11.93,auto,0
865.27,3,1,1.16,life,0
4710.93,4,0,8.22,auto,0
727.18,5,0,18.78,home,0
6959.05,3,0,6.12,home,0
5349.47,2,1,19.99,health,0
15688.16,5,1,2.14,auto,0
357.25,4,0,11.58,health,0
293.74,1,0,10.55,home,0
1657.73,5,2,5.48,auto,0
1517.06,2,1,19.0,auto,0
1418.31,3,0,12.57,health,0
11835.86,2,1,4.99,auto,0
1435.39,10,0,7.99,health,0
1586.93,4,0,14.56,auto,0
7123.06,3,1,6.31,home,0
2986.82,4,0,17.65,home,0
7496.43,5,2,3.73,home,0
338.0,3,2,5.66,auto,0
3342.97,1,1,3.33,health,0
170.96,2,0,2.53,health,0
323.51,3,1,6.36,home,0
11845.63,2,1,19.98,home,0
749.73,4,1,2.34,home,0
3800.93,5,1,4.65,life,0
2647.46,0,2,5.8,health,0
2133.52,2,1,12.57,auto,0
11504.6,3,0,15.03,auto,0
110.33,4,0,15.16,life,0
5450.09,2,0,0.67,auto,0
16537.77,0,1,13.21,life,0
4106.81,2,0,12.8,home,0
13809.03,1,0,10.59,auto,0
268.36,4,3,7.89,auto,0
2713.24,1,1,16.05,home,0
1506.59,2,0,7.21,health,0
6561.89,1,2,4.99,auto,0
19895.38,4,1,6.55,auto,1
1482.13,1,1,9.07,life,0
5309.11,2,0,4.67,auto,0
1103.84,4,3,12.35,home,0
4165.84,3,1,17.74,home,0
3117.48,9,0,12.11,auto,0
17878.71,1,1,9.21,auto,1
4689.2,0,0,16.04,auto,0
2150.12,1,1,15.09,auto,0
605.73,2,1,7.66,home,0
819.93,1,2,12.28,home,0
1276.51,0,0,14.73,home,0
1444.86,5,0,5.29,home,0
9506.18,5,1,7.64,auto,0
4118.82,7,0,2.56,auto,0
3705.29,2,3,19.76,auto,1
609.53,4,1,2.17,home,0
9835.56,6,0,3.79,life,0
6415.34,3,2,9.86,auto,0
350.33,7,2,17.37,home,0
6152.18,3,3,7.44,health,0
3921.25,4,2,15.49,health,0
426.29,2,0,13.68,life,0
3065.22,3,0,12.95,auto,0
3314.99,2,1,16.98,auto,0
906.26,2,0,0.78,auto,0
14565.98,5,0,18.62,auto,0
9484.78,2,0,16.67,home,0
5528.52,3,1,18.79,health,0
3102.23,4,0,15.97,home,0
2653.15,1,2,17.63,auto,0
5263.04,1,0,4.46,auto,0
3942.04,3,1,6.72,life,0
321.48,3,1,6.65,home,0
3592.35,3,0,2.63,life,0
8209.9,3,0,14.73,health,0
3073.9,1,0,3.16,life,0
266.77,3,6,1.52,health,0
7715.4,3,0,15.62,home,0
1124.25,0,1,18.14,health,0
1496.22,2,3,15.4,home,0
899.86,1,2,16.59,auto,0
2003.99,3,2,12.11,auto,0
7068.36,2,1,17.81,auto,0
3663.45,1,1,10.19,auto,0
1146.32,3,0,19.77,auto,0
10511.71,3,1,2.52,home,0
10583.93,4,1,16.28,life,0
10223.4,1,3,13.01,home,0
1364.27,1,1,11.82,home,0
3000.46,7,0,14.65,auto,0
20995.08,1,0,16.89,auto,1
7392.32,5,1,17.33,home,0
137.72,0,1,3.92,health,0
337.14,7,1,4.34,auto,0
3117.47,3,1,0.82,home,0
11996.59,1,1,3.07,health,0
3868.55,4,0,5.65,auto,0
3443.91,5,1,14.56,auto,0
557.3,2,0,9.78,health,0
5346.92,1,2,15.28,home,0
8632.76,2,0,9.99,auto,0
2393.57,6,0,11.33,auto,0
7471.89,1,1,2.67,home,0
16687.83,4,1,15.64,auto,1
1139.31,4,1,15.28,health,0
3704.65,2,2,6.5,auto,0
1692.34,1,0,6.91,auto,0
7871.67,0,1,4.78,auto,0
4308.93,2,0,16.37,life,0
5033.57,4,3,15.07,health,0
7995.31,4,0,12.38,health,0
2520.66,3,0,5.16,home,0
12330.82,5,1,3.85,health,0
3807.44,5,1,1.48,health,0
859.61,2,0,1.39,auto,0
5951.98,2,3,4.15,life,0
7881.5,4,1,2.46,health,0
1904.56,1,0,11.34,life,0
9730.82,4,1,7.48,health,0
11829.93,5,0,9.18,health,0
1621.07,3,0,12.08,life,0
20528.49,3,1,13.35,home,0
758.25,4,0,13.14,health,0
1128.33,1,1,5.59,auto,0
1018.08,3,2,16.29,health,0
11221.1,4,1,18.4,health,0
5310.81,3,1,6.66,health,0
824.99,1,2,0.83,health,0
2901.98,4,1,18.03,home,0
4776.43,2,1,18.51,home,0
435.77,4,1,1.49,auto,0
10703.03,1,2,0.6,auto,0
8138.1,4,2,16.42,home,0
3518.08,2,0,6.38,home,0
17075.46,4,1,18.33,auto,1
2704.37,2,1,4.73,auto,0
20710.43,7,0,17.29,auto,0
5511.9,3,2,1.84,health,0
5034.79,2,1,5.58,home,0
907.34,2,2,19.48,auto,0
10682.29,3,0,5.01,health,0
2788.62,2,0,3.09,auto,0
885.08,0,0,17.21,home,0
63.44,0,0,2.8,auto,0
4102.13,4,1,2.4,life,0
3747.53,3,2,6.81,auto,0
6353.3,2,1,12.89,health,0
11048.12,0,1,14.36,home,0
413.68,3,1,17.68,auto,0
6574.46,9,2,11.05,auto,0
1037.65,3,0,8.17,auto,0
9765.88,5,0,7.5,health,0
8548.05,7,1,17.01,auto,0
3891.28,4,0,14.61,health,0
6193.56,4,2,18.16,home,0
1886.94,1,1,19.3,auto,0
3185.42,2,0,6.35,auto,0
8619.67,3,3,10.83,life,0
3074.13,4,1,12.82,auto,0
2214.26,2,0,3.7,auto,0
3408.19,2,1,1.54,home,0
8808.55,0,1,17.42,auto,0
2041.41,2,0,10.94,home,0
954.36,2,1,11.63,auto,0
6224.22,2,1,11.32,life,0
8742.87,4,2,15.22,home,0
530.35,2,1,3.34,life,0
1371.36,4,1,12.47,auto,0
765.59,3,1,9.65,auto,0
2138.1,1,1,17.99,life,0
2992.38,3,0,10.63,auto,0
6908.05,6,1,18.89,home,0
5265.53,4,1,7.39,auto,0
4850.15,2,2,19.35,life,0
2172.22,6,0,17.57,auto,0
9208.35,3,2,11.89,health,0
3186.55,2,1,7.4,home,0
19341.21,5,1,7.83,auto,1
5027.55,4,1,15.57,auto,0
674.89,2,0,11.82,life,0
5637.8,4,1,8.33,health,0
1965.98,2,1,12.9,home,0
5797.02,1,1,14.8,home,0
360.92,3,0,0.95,auto,0
961.14,2,0,2.25,home,0
9680.6,3,0,2.34,home,0
1288.54,5,0,5.02,health,0
9071.29,3,2,8.83,auto,0
1637.5,2,2,16.17,life,0
5148.44,0,1,7.35,auto,0
5923.31,2,1,0.84,auto,0
3593.91,2,0,9.93,life,0
1821.45,5,2,19.93,home,0
1195.38,1,1,7.31,auto,0
168.76,1,1,19.24,health,0
1811.64,2,0,2.48,home,0
5294.5,2,0,3.88,auto,0
13927.75,3,1,14.62,home,0
10247.65,1,2,10.27,auto,0
7263.56,2,1,15.42,auto,0
7766.41,1,1,17.34,auto,0
5467.9,0,0,5.4,home,0
1507.46,4,1,13.82,auto,0
11886.28,2,4,12.35,health,0
5554.42,3,1,17.3,home,0
4109.91,4,0,8.89,auto,0
588.23,4,2,1.51,home,0
2962.49,6,0,11.7,health,0
3084.25,3,0,19.2,home,0
9996.27,4,0,0.79,auto,0
3955.43,1,1,5.19,auto,0
2393.41,4,1,6.66,health,0
18818.09,5,0,15.43,auto,0
586.72,0,1,6.8,auto,0
2745.65,1,0,5.16,home,0
214.67,5,3,13.15,auto,0
6733.52,5,1,1.4,life,0
12509.85,5,1,3.83,health,0
1642.78,3,1,8.46,home,0
9771.69,3,0,7.43,health,0
1728.1,5,0,7.27,home,0
12082.7,4,2,2.62,health,0
7011.34,2,0,7.54,home,0
8171.39,1,1,16.06,auto,0
90.85,3,0,8.57,life,0
16458.62,3,2,11.93,health,0
6485.4,5,1,3.69,life,0
1817.43,5,1,1.86,health,0
8842.01,4,1,17.66,home,0
1653.1,2,0,6.96,auto,0
10308.16,1,0,7.33,auto,0
597.19,4,1,17.61,auto,0
6081.68,2,1,14.3,auto,0
3890.24,2,2,15.25,home,0
507.59,3,1,13.8,home,0
1384.66,1,1,2.56,auto,0
62.41,3,1,19.18,home,0
3162.78,3,1,18.23,auto,0
1792.42,10,2,5.11,home,0
4560.96,2,0,16.18,life,0
1763.68,2,1,8.48,home,0
1782.8,3,0,13.83,auto,0
6797.16,9,0,3.73,home,0
246.7,3,2,11.0,health,0
11659.81,2,2,2.97,home,0
9561.64,2,1,10.96,life,0
5510.16,2,1,5.25,auto,0
4497.43,2,0,9.32,auto,0
11142.14,2,0,13.53,auto,0
1024.86,4,0,17.6,health,0
411.31,1,2,3.72,home,0
1368.96,0,0,17.92,auto,0
7913.45,2,1,8.11,auto,0
176.43,7,0,16.95,home,0
4371.03,2,2,10.49,life,0
26949.44,2,1,17.31,auto,1
9679.17,3,1,13.43,auto,0
3684.93,3,0,10.42,home,0
328.78,2,2,6.59,auto,0
8900.35,4,0,19.39,home,0
4568.7,5,3,16.12,home,0
610.46,4,2,7.93,home,0
492.79,2,0,3.75,life,0
12019.04,5,0,15.7,auto,0
5531.21,2,1,19.8,health,0
8838.85,2,0,5.94,life,0
10558.95,4,1,18.36,auto,0
4240.5,4,1,2.94,auto,0
3643.32,2,1,19.07,health,0
2814.35,6,1,15.03,health,0
1905.91,3,3,7.26,auto,0
2851.07,7,1,6.44,home,0
7433.44,1,3,13.05,home,0
4605.55,1,1,12.07,auto,0
11152.41,2,2,18.42,health,0
2929.36,0,3,15.44,home,0
4670.87,4,2,11.04,health,0
4988.96,5,3,18.59,home,0
4478.73,2,0,12.06,home,0
6063.95,1,1,17.07,home,0
1355.33,2,2,16.9,auto,0
3590.93,9,1,18.42,health,0
550.33,3,0,1.82,home,0
2426.69,2,2,11.88,health,0
3343.9,6,0,9.63,health,0
5280.99,5,0,10.07,home,0
15032.05,1,0,9.47,auto,1
4589.6,1,1,16.83,life,0
6804.96,4,1,6.71,auto,0
3528.79,0,1,9.52,life,0
5027.03,1,2,4.41,home,0
367.87,1,3,5.41,auto,0
1467.77,2,1,13.38,health,0
2245.93,6,3,2.78,health,0
3197.97,2,1,4.16,health,0
233.62,8,0,10.8,auto,0
754.25,2,0,1.35,health,0
1620.45,1,2,2.98,home,0
17794.99,3,1,17.34,home,0
2012.45,2,3,17.0,life,0
3289.3,2,2,7.28,home,0
1091.39,1,1,7.29,auto,0
4718.05,4,0,18.76,home,0
1647.27,3,1,1.0,home,0
1159.61,1,0,11.82,health,0
3634.27,2,2,12.15,auto,0
27.61,2,1,15.86,health,0
38.47,2,2,19.06,health,0
1236.34,4,0,7.44,auto,0
187.06,8,0,9.04,auto,0
571.59,5,1,13.59,home,0
2068.95,2,0,19.36,health,0
8112.25,4,0,17.87,home,0
4243.73,2,0,13.51,health,0
3594.05,3,0,17.21,home,0
1737.08,3,2,2.16,home,0
13423.16,6,2,7.85,auto,0
2529.32,7,1,0.76,auto,0
455.61,3,2,3.96,health,0
4799.47,3,0,12.79,health,0
604.28,2,0,17.77,home,0
2117.3,2,1,12.84,home,0
3540.41,1,1,13.45,home,0
10366.21,4,1,2.52,auto,0
3401.61,3,1,13.46,home,0
6057.65,1,1,9.36,home,0
24680.08,4,1,13.2,home,0
704.88,1,4,6.86,home,0
1606.07,5,2,11.84,health,0
2509.13,4,0,8.77,auto,0
2739.42,3,0,11.39,auto,0
2646.82,5,1,3.37,auto,0
11908.74,0,2,8.22,health,0
6259.39,1,0,7.8,home,0
4681.26,1,0,14.86,auto,0
1850.77,4,0,14.27,life,0
8680.4,2,0,18.22,home,0
15512.19,6,2,12.83,auto,0
8607.39,1,1,6.63,home,0
7.83,4,0,15.77,health,0
5058.52,4,1,10.19,home,0
262.45,1,2,4.27,home,0
1489.38,2,1,15.07,auto,0
306.85,3,3,3.08,auto,1
4629.12,8,0,3.97,auto,0
5801.21,0,3,15.3,auto,0
607.94,1,2,15.52,home,0
2421.23,3,1,15.92,home,0
3046.2,1,0,6.22,home,0
2302.67,4,0,17.4,home,0
644.99,4,2,14.59,auto,0
2714.57,0,0,16.76,auto,0
6955.09,1,0,14.32,auto,0
368.27,6,1,11.8,auto,0
417.89,5,1,2.63,health,0
2190.75,2,2,14.36,health,0
14212.97,3,3,13.96,health,0
5521.73,7,1,6.59,home,0
5676.43,1,2,14.85,auto,0
2246.46,4,2,11.23,health,0
4502.83,3,1,11.41,home,0
50.91,2,2,7.67,auto,0
5054.33,2,1,2.78,life,0
12225.75,3,1,4.73,auto,0
4741.15,6,1,15.49,home,0
10345.42,4,4,5.79,home,0
6436.28,1,0,0.54,health,0
642.34,3,1,19.94,life,0
11637.12,3,0,4.61,life,0
343.77,1,0,13.28,home,0
3817.5,2,1,18.57,home,0
766.56,1,3,12.19,auto,0
58.88,2,0,16.08,home,0
2741.2,4,2,19.54,health,0
1748.08,0,0,17.28,home,0
3327.66,2,0,11.38,auto,0
4304.28,0,2,7.59,auto,0
223.62,5,1,9.91,home,0
656.26,1,1,16.92,auto,0
4089.5,1,2,17.14,auto,0
2101.63,1,2,16.99,auto,0
6531.38,5,0,12.15,auto,0
5281.96,2,1,9.8,auto,0
9341.18,2,1,6.57,health,0
5896.28,2,3,0.57,home,1
2809.99,1,1,15.41,home,0
5588.47,2,0,5.9,home,0
1610.55,1,0,6.93,auto,0
1828.68,8,2,16.95,health,0
7779.13,10,3,1.52,life,0
2956.74,3,2,18.59,auto,0
8006.86,3,0,0.53,auto,0
8641.74,5,0,18.81,home,0
9744.25,0,1,9.37,auto,0
12422.65,2,2,2.49,life,0
2819.24,3,2,13.65,home,0
1919.99,1,2,17.97,auto,0
4363.75,0,1,9.04,home,0
2319.49,1,0,13.98,home,0
4594.9,2,3,19.6,auto,0
6113.84,0,1,5.19,health,0
5830.26,6,1,16.5,auto,0
2346.44,5,3,6.26,life,0
912.77,3,2,8.81,auto,0
2815.24,3,1,5.99,health,0
769.22,1,0,9.2,auto,0
11040.79,2,0,0.6,home,0
2122.3,6,2,6.42,home,0
838.9,2,1,9.18,auto,0
128.89,5,1,12.83,home,0
5189.78,5,2,12.93,auto,0
5065.42,2,1,11.88,home,0
2082.16,5,1,6.21,home,0
372.07,5,0,18.97,health,0
2635.02,4,2,8.14,auto,0
1864.15,4,0,4.73,auto,0
5652.38,1,0,11.31,home,0
4654.22,0,0,15.1,health,0
2267.45,1,1,0.74,health,0
1228.82,1,1,5.89,home,0
22129.25,4,0,16.59,health,0
3025.7,1,1,10.39,health,0
5828.16,4,1,8.47,auto,0
757.33,3,0,18.65,auto,0
3323.67,1,0,2.25,auto,0
139.61,7,0,12.5,auto,0
3520.59,2,3,7.17,home,0
16623.6,7,1,1.88,home,0
2424.22,3,0,4.67,home,0
198.88,4,0,12.74,auto,0
157.23,3,1,1.05,health,0
2455.01,3,0,12.05,home,0
871.92,2,0,19.16,home,0
118.15,3,0,16.0,life,0
7057.31,3,1,7.24,auto,0
3067.27,4,0,3.2,auto,0
1707.14,2,0,9.57,home,0
11517.09,1,0,8.16,health,0
617.28,3,0,19.45,auto,0
15608.61,5,0,19.8,health,0
1884.15,5,1,8.51,life,0
10964.34,1,0,3.4,home,0
4618.38,1,0,18.26,auto,0
8763.87,5,0,15.97,home,0
20679.95,2,0,10.47,auto,0
1701.23,9,2,7.62,auto,0
16238.37,1,1,9.24,health,0
2467.24,5,0,18.09,home,0
2434.83,7,1,4.1,auto,0
2080.51,4,1,16.23,auto,0
3897.97,4,3,0.85,home,1
837.04,2,0,18.45,home,0
4033.95,5,0,10.26,home,0
3901.21,4,2,4.92,health,0
7175.36,7,1,0.56,home,0
8968.31,3,0,11.41,life,0
2903.03,5,0,5.27,life,0
1800.07,5,2,12.81,auto,0
1501.03,2,2,5.98,auto,0
1082.23,4,1,2.22,auto,0
296.88,2,1,10.35,auto,0
2096.16,4,0,11.51,auto,0
1575.25,0,2,9.33,home,0
16968.73,3,2,9.43,auto,0
4078.93,5,1,12.0,auto,0
2133.01,3,0,10.76,auto,0
4343.07,2,0,3.09,auto,0
749.45,2,0,4.34,home,0
2935.33,5,0,3.26,auto,0
4920.63,1,0,14.02,life,0
3355.93,1,0,10.81,auto,0
2568.97,3,2,8.88,life,0
25455.21,4,0,16.07,auto,0
10614.45,1,1,6.85,home,0
4882.94,7,1,11.58,auto,0
4212.62,1,1,1.95,health,0
4846.62,2,3,15.02,auto,0
1123.93,2,0,14.06,life,0
2513.77,5,3,16.15,auto,1
201.3,3,3,17.75,auto,0
3226.99,2,1,15.28,home,0
3915.63,4,1,16.97,health,0
1292.23,2,1,7.24,life,0
16625.19,2,3,7.2,home,1
12009.52,5,0,18.91,health,0
6403.25,2,0,18.33,health,0
3811.27,4,0,11.2,home,0
10199.92,0,2,7.65,home,0
700.06,8,0,17.39,auto,0
7815.39,1,0,6.81,home,0
666.63,5,3,3.5,health,0
7904.51,2,1,12.97,home,0
1613.21,5,1,1.33,health,0
10481.54,1,0,7.89,health,0
14415.78,4,0,16.25,health,0
805.52,3,1,6.26,auto,0
3105.77,3,0,18.66,auto,0
19813.26,2,0,19.14,auto,1
3302.5,2,1,16.41,life,0
9958.89,2,0,19.76,auto,0
4442.55,5,1,10.85,auto,0
2352.66,4,0,11.6,auto,0
1682.85,2,1,16.81,auto,0
1135.9,4,1,10.11,auto,0
7173.19,6,1,8.43,auto,0
2443.21,6,1,12.49,auto,0
3579.78,2,1,13.32,life,0
3389.57,1,1,15.14,home,0
4305.21,2,2,13.53,health,0
10033.82,2,1,15.04,home,0
19748.45,4,1,13.65,health,0
2617.73,2,0,9.87,life,0
8787.34,3,0,3.13,life,0
7230.81,3,0,15.82,auto,0
4261.05,4,2,1.1,health,0
15623.19,2,1,19.85,auto,0
1118.68,2,1,16.65,auto,0
578.54,2,1,13.58,auto,0
9619.44,1,2,19.35,home,0
2891.51,4,1,12.44,home,0
9385.57,1,0,1.6,auto,0
11178.85,4,3,11.41,health,0
322.47,7,1,5.91,home,0
10747.81,4,0,7.7,auto,0
2973.93,2,0,9.46,home,0
3571.16,2,1,15.6,home,0
4925.42,6,2,10.31,auto,0
13044.37,1,2,9.76,auto,0
96.51,2,0,6.39,life,0
3239.37,3,1,11.03,health,0
5819.31,2,0,5.34,auto,0
6413.4,6,1,5.59,home,0
5896.93,3,3,15.27,auto,1
721.86,3,1,7.18,home,0
1779.06,4,0,1.5,home,0
2221.41,0,0,7.2,auto,0
8159.37,3,1,12.95,auto,0
1633.92,4,1,16.37,auto,0
1183.08,8,0,19.26,home,0
15785.14,3,1,15.05,life,0
44.51,1,3,8.86,life,0
30644.11,4,3,6.33,life,1
5647.75,1,2,3.03,life,0
8814.97,3,2,12.74,auto,0
1745.09,1,0,10.44,health,0
72.09,6,1,13.72,auto,0
6694.56,3,1,5.12,health,0
8983.19,3,0,6.81,health,0
6744.53,5,0,6.2,home,0
770.71,6,2,16.05,home,0
7000.5,1,0,3.84,auto,0
7325.02,3,1,12.37,auto,0
5372.63,2,1,1.5,life,0
7264.65,3,1,11.22,health,0
9351.46,3,1,1.75,auto,0
4754.46,3,3,3.93,auto,0
463.89,1,1,2.7,auto,0
3343.52,1,3,7.26,life,0
404.15,1,2,7.2,life,0
2617.39,4,4,16.62,home,0
2613.7,1,2,4.9,home,0
341.45,2,0,2.18,health,0
2144.85,1,0,12.27,auto,0
588.28,3,0,13.91,life,0
8257.43,1,1,6.25,home,0
14752.65,2,0,12.25,auto,0
375.32,2,1,15.63,auto,0
15518.28,4,0,7.28,home,0
3696.76,3,0,10.74,auto,0
1780.27,1,0,3.36,home,0
399.88,4,1,0.96,health,0
3471.98,2,1,19.64,health,0
7911.92,3,0,6.34,home,0
6139.39,4,1,5.94,home,0
257.66,2,0,19.48,auto,0
378.48,3,0,14.7,home,0
2578.13,4,0,11.91,auto,0
1749.85,2,1,14.14,life,0
1322.33,2,3,14.34,life,0
1649.5,3,1,15.39,auto,0
8135.03,8,0,1.81,health,0
13241.46,5,0,8.55,health,0
2596.83,2,1,6.26,life,0
11828.21,3,1,1.88,home,0
1939.32,2,4,8.55,health,0
3235.49,0,1,12.52,home,0
1281.1,3,1,3.98,auto,0
5114.87,2,0,6.45,auto,0
19311.67,4,1,12.96,auto,0
4625.31,1,1,11.8,auto,0
2214.39,3,0,17.44,auto,0
5218.03,3,0,15.93,health,0
655.79,2,1,19.33,health,0
10975.79,2,2,12.15,life,0
3496.67,4,0,14.12,auto,0
2983.28,3,0,17.28,life,0
4407.81,4,1,16.88,home,0
4901.27,2,2,14.52,home,0
372.41,2,4,10.25,home,0
5738.23,2,0,5.83,health,0
1384.91,6,3,17.61,auto,0
6257.99,0,1,15.64,health,0
8644.9,2,0,16.84,health,0
8147.14,4,1,3.25,life,0
4020.4,1,1,6.64,life,0
3671.62,3,1,8.79,home,0
770.86,4,0,16.85,health,0
7465.97,2,1,17.91,life,0
1583.22,2,0,6.06,life,0
3432.8,3,0,13.89,health,0
1672.29,5,2,2.02,health,0
718.36,4,0,8.49,auto,0
4965.29,2,2,9.99,health,0
279.32,1,2,15.43,auto,0
6904.45,4,3,17.89,home,0
1910.6,7,3,7.08,home,0
0.67,8,2,10.79,auto,0
3578.28,4,2,13.13,auto,0
239.92,4,1,6.91,health,0
1615.99,2,1,19.72,health,0
6137.51,3,0,17.58,home,0
323.7,3,0,6.28,home,0
9142.28,2,0,10.4,life,0
19.14,5,0,5.0,auto,0
1417.28,4,2,10.53,home,0
6752.78,2,0,13.82,home,0
1900.96,5,1,2.17,life,0
537.33,2,3,17.47,auto,1
2233.26,3,2,12.08,life,0
1576.25,4,1,19.8,auto,0
9248.38,1,0,1.0,auto,0
1879.64,6,1,16.71,auto,0
7777.89,3,0,15.94,home,0
11122.2,1,0,3.09,home,0
2844.19,1,1,7.04,home,0
12036.57,2,5,17.75,auto,0
2368.6,2,0,10.61,home,0
16632.08,2,1,8.32,health,0
467.65,6,0,18.16,health,0
5808.07,0,2,2.32,health,0
3404.26,4,1,9.73,life,0
2452.25,4,1,13.22,home,0
5008.04,5,1,12.37,auto,0
6084.57,4,1,5.65,auto,0
21.86,3,1,11.48,auto,0
913.33,3,0,14.32,home,0
6242.17,4,0,11.91,life,0
5488.84,3,0,13.85,health,0
16913.96,5,2,5.49,auto,0
7157.25,2,1,16.74,home,0
15056.54,5,2,9.27,home,0
6062.39,1,0,19.75,life,0
1769.48,1,1,0.95,auto,0
556.7,3,0,7.92,home,0
7612.26,3,0,4.02,life,0
5166.22,3,1,11.33,life,0
246.93,3,1,5.24,auto,0
2231.83,1,0,14.88,auto,0
15709.55,4,0,17.7,home,0
3469.75,7,2,4.61,health,0
2834.59,2,1,3.63,auto,0
3059.68,1,0,17.57,life,0
1171.55,4,3,7.54,auto,0
2299.93,5,1,8.97,home,0
2308.7,1,2,4.81,health,0
268.88,3,0,8.79,auto,0
7295.78,4,0,5.01,auto,0
2693.59,1,1,13.49,home,0
8634.91,7,0,10.23,health,0
9497.21,2,2,15.87,auto,0
1191.25,4,2,6.6,home,0
5355.28,1,1,10.36,home,0
3195.96,2,1,5.56,home,0
10607.85,4,0,18.72,life,0
1215.08,4,2,10.68,home,0
5663.12,3,2,3.88,home,0
4679.31,5,0,5.82,home,0
1749.93,1,3,2.12,health,0
734.39,5,0,1.04,auto,0
5272.59,3,0,10.76,health,0
6708.47,1,0,7.07,auto,0
1896.26,8,0,19.29,home,0
5175.83,2,1,3.84,home,0
2513.72,1,0,15.98,auto,0
6244.97,4,0,6.66,auto,0
1110.82,2,1,4.86,auto,0
11046.16,5,1,19.41,auto,0
1694.24,2,3,16.15,health,0
2292.64,2,0,12.8,health,0
299.24,0,0,14.09,auto,0
591.17,4,1,19.83,auto,0
3626.93,1,1,12.07,health,0
1557.09,3,2,2.49,auto,0
9023.62,4,2,1.76,life,0
74.01,6,0,13.5,auto,0
2382.88,4,1,13.32,health,0
2057.51,6,1,15.09,home,0
97.58,4,0,2.62,auto,0
664.05,5,0,18.93,auto,0
2669.13,2,1,11.25,home,0
3394.89,4,0,13.17,auto,0
2590.0,4,4,1.18,home,0
3785.1,1,2,19.24,auto,0
4520.97,2,1,11.47,home,0
49.87,4,1,11.49,home,0
3118.99,2,0,18.9,home,0
16552.11,5,0,18.62,auto,0
3659.78,1,0,4.8,home,0
5658.92,6,2,18.66,home,0
1868.84,4,0,14.86,life,0
7435.91,0,0,0.87,health,0
7412.3,5,1,5.18,auto,0
3683.36,4,3,8.55,auto,1
18651.39,5,2,11.87,auto,0
670.8,1,2,14.18,auto,0
85.46,1,3,4.6,auto,0
7351.82,2,0,16.82,auto,0
8229.36,0,1,16.99,auto,0
640.34,2,0,12.88,auto,0
1543.39,3,0,18.46,auto,0
88.54,1,1,16.35,auto,0
1735.81,4,0,4.82,auto,0
7417.15,3,0,16.07,home,0
3648.65,3,2,19.09,auto,0
2139.29,5,0,3.18,auto,0
2324.0,3,3,19.58,auto,0
6.77,6,1,0.99,home,0
1781.95,1,0,10.68,health,0
5198.78,0,2,15.59,auto,0
18285.83,3,3,15.91,home,1
9388.57,4,0,14.83,home,0
119.39,0,1,10.82,home,0
11441.47,1,0,13.19,health,0
7643.86,1,2,14.15,health,0
7579.19,1,1,10.14,auto,0
3062.41,4,0,12.12,auto,0
2537.53,1,2,17.0,home,0
1804.24,5,0,6.6,life,0
339.76,3,0,10.7,health,0
1295.38,3,2,0.67,auto,0
1415.82,4,0,13.91,auto,0
3308.99,2,2,4.31,health,0
6880.62,3,0,9.88,home,0
3210.46,2,2,4.6,home,0
297.92,3,0,0.96,home,0
15825.47,3,2,9.92,auto,1
14299.4,1,1,8.78,health,0
7690.0,6,0,8.79,health,0
23738.22,1,1,4.57,home,0
3931.6,3,1,18.97,home,0
16452.98,2,0,0.57,home,0
393.08,1,1,17.89,auto,0
2276.01,3,1,14.87,auto,0
1276.92,8,0,3.86,auto,0
1089.74,1,0,9.71,life,0
758.78,3,2,19.78,auto,0
4869.78,3,1,13.05,auto,0
7600.77,4,2,2.98,home,0
4317.29,0,2,9.42,auto,0
794.76,1,2,9.63,auto,0
8333.32,4,0,16.14,home,0
5052.38,5,0,18.37,home,0
2456.47,4,0,2.1,home,0
5606.29,0,1,6.62,home,0
1504.88,1,2,6.32,home,0
2117.07,0,1,19.92,home,0
12473.93,2,1,11.4,home,0
1716.01,3,2,17.66,auto,0
3174.28,2,2,8.81,home,0
11042.79,4,0,14.59,auto,0
6150.24,2,0,6.09,auto,0
321.11,1,2,18.28,auto,0
796.76,2,1,9.38,auto,0
39.36,1,0,16.17,home,0
4983.73,2,1,5.49,home,0
2968.08,4,2,14.03,auto,0
720.94,4,0,8.4,life,0
15842.59,5,0,1.11,home,0
3771.49,3,1,8.55,health,0
1384.66,1,1,11.23,home,0
3471.78,2,0,3.46,auto,0
5691.24,1,0,4.09,life,0
396.51,2,1,9.56,health,0
1605.88,4,0,7.18,home,0
8224.43,2,2,9.09,auto,0
3077.83,4,2,9.49,auto,0
3954.65,2,0,3.23,health,0
2835.36,4,1,4.03,auto,0
224.46,4,0,17.04,home,0
906.11,3,3,3.67,home,0
2948.82,2,1,13.49,auto,0
1173.46,6,0,8.66,health,0
256.36,5,1,19.38,health,0
9278.28,4,3,1.79,auto,0
19867.51,5,1,16.69,home,0
7878.63,4,1,10.08,health,0
9613.38,0,1,0.6,home,0
1385.21,1,1,5.64,home,0
16173.37,3,0,8.45,home,0
1096.54,2,1,6.63,auto,0
15123.73,3,0,7.57,life,0
26314.07,7,2,18.38,home,0
6219.16,5,2,7.54,auto,0
19854.55,4,2,8.67,health,0
4214.5,5,2,15.34,home,0
1502.43,2,0,15.98,auto,0
2872.34,4,2,2.14,health,0
4501.61,8,4,14.23,auto,1
379.45,2,3,9.91,home,0
4868.85,1,0,3.11,home,0
19863.6,1,0,5.66,auto,0
1054.27,1,0,1.38,health,0
7865.41,1,2,7.52,home,0
11924.34,1,2,5.48,health,0
14385.45,5,0,7.95,home,0
16111.36,1,2,11.82,life,0
3685.07,2,0,14.78,auto,0
18928.69,3,0,12.3,home,0
7079.86,6,2,13.73,life,0
881.73,5,1,17.38,auto,0
3239.91,3,1,17.54,auto,0
6335.12,1,0,17.28,life,0
1420.71,4,3,3.49,life,0
5116.81,2,0,5.4,health,0
5492.07,6,0,10.3,home,0
887.86,3,0,7.5,home,0
4163.03,4,1,3.07,auto,0
7383.87,5,1,6.11,home,0
3454.7,2,1,19.52,home,0
60.88,3,1,7.27,auto,0
45.4,4,2,8.67,home,0
2208.28,7,1,0.62,home,0
13031.58,3,1,14.53,home,0
1298.24,2,2,8.56,home,0
5030.58,5,0,2.51,health,0
1255.63,3,0,19.39,auto,0
1940.61,6,1,15.66,home,0
9420.76,4,2,14.66,home,0
6525.63,1,0,19.18,auto,0
501.31,5,0,8.45,auto,0
2799.22,0,1,14.51,home,0
148.02,5,0,4.52,home,0
3278.2,7,0,14.09,life,0
5429.97,5,1,0.77,home,0
630.67,3,0,2.96,auto,0
1704.61,5,0,8.79,home,0
2536.13,2,0,0.74,health,0
12599.42,3,1,9.51,home,0
24994.78,2,1,10.69,health,0
229.76,4,1,12.62,health,0
7156.62,5,4,2.46,auto,0
2323.88,2,0,4.03,auto,0
2491.67,3,0,12.46,home,0
7017.51,2,0,13.33,auto,0
12531.25,1,0,1.01,home,0
15072.39,3,1,11.04,health,0
4303.36,5,1,15.81,home,0
2209.0,5,2,1.85,home,0
7745.22,5,1,8.56,home,0
1445.09,3,1,6.87,auto,0
4151.41,4,2,18.32,health,0
2220.34,2,3,4.12,home,0
5344.75,0,1,6.71,home,0
1374.81,3,1,18.02,auto,0
1063.45,2,2,6.95,health,0
12519.78,5,1,10.86,home,0
536.83,3,0,1.14,auto,0
3525.67,2,4,19.71,life,0
1247.78,2,2,16.59,health,0
198.54,1,1,12.87,home,0
183.42,3,2,1.68,home,0
963.2,7,1,1.96,life,0
10078.4,0,2,11.13,health,0
1659.76,6,2,6.06,home,0
15024.79,4,1,12.64,home,0
4356.85,0,1,12.16,auto,0
2868.95,5,1,16.85,auto,0
4338.56,0,1,5.99,auto,0
3635.57,2,0,11.77,auto,0
7110.15,1,1,15.66,health,0
1659.88,3,0,10.07,auto,0
2177.43,4,1,16.7,health,0
11226.03,2,3,3.06,home,0
14636.31,3,0,14.81,auto,0
11154.03,1,1,18.89,auto,0
2718.88,3,2,6.97,home,0
7578.95,1,2,7.64,auto,0
3234.52,3,0,2.13,home,0
3441.19,4,1,13.01,health,0
1145.05,0,0,11.27,home,0
4471.79,2,0,1.29,health,0
1029.81,2,1,15.17,health,0
2014.08,2,2,16.67,health,0
9656.15,2,2,18.19,auto,0
1160.14,7,1,11.14,life,0
369.08,3,1,9.33,home,0
357.52,6,2,17.58,health,0
14132.86,3,0,8.27,home,0
3535.42,4,0,13.28,home,0
2633.18,3,1,12.5,life,0
8326.83,3,1,7.76,auto,0
9034.14,5,0,2.19,home,0
2018.77,1,1,0.92,auto,0
5914.61,4,0,8.85,auto,0
7372.85,3,2,9.88,health,0
5315.99,0,0,16.54,auto,0
821.99,3,1,8.58,health,0
10432.66,3,0,5.98,home,0
3872.81,3,1,9.51,home,0
1659.72,1,0,5.14,auto,0
2768.91,2,1,2.28,auto,0
191.48,3,1,2.7,life,0
684.07,2,2,6.72,health,0
7252.5,3,2,0.75,auto,0
0.06,1,1,4.79,auto,0
2694.12,6,2,15.86,auto,0
3696.06,0,0,5.08,auto,0
280.92,2,2,2.66,health,0
18074.09,1,1,19.01,health,0
1281.73,1,2,12.64,home,0
1813.46,4,1,1.67,health,0
1811.62,2,0,1.71,auto,0
1309.53,2,1,12.44,home,0
7.37,2,2,11.03,health,0
6534.55,6,0,1.83,auto,0
17032.88,1,0,4.87,auto,0
1269.91,6,1,18.62,home,0
5439.06,3,1,11.65,auto,0
6771.97,2,1,9.09,home,0
9433.39,5,2,5.38,home,0
2746.35,6,3,3.11,auto,0
1804.35,1,1,8.35,auto,0
1967.4,2,2,18.49,auto,0
6234.77,7,1,1.45,home,0
8485.32,8,0,19.82,auto,0
1002.11,3,1,4.55,health,0
2317.65,4,1,8.47,health,0
11610.89,5,1,1.38,auto,0
8217.39,2,0,11.9,health,0
20951.55,0,1,9.93,home,0
7017.17,4,0,13.5,auto,0
2497.74,1,1,11.08,home,0
4465.78,4,1,8.26,home,0
5408.99,5,1,14.89,auto,0
408.52,3,1,0.99,auto,0
3931.76,2,0,11.05,auto,0
6177.68,2,0,2.72,auto,0
915.54,1,0,9.0,auto,0
7585.02,6,0,15.93,home,0
4382.62,4,0,3.28,auto,0
15205.93,2,0,18.75,auto,0
216.74,3,1,17.83,auto,0
1541.64,4,0,8.59,health,0
4600.91,5,0,0.62,auto,0
1758.86,1,1,15.9,home,0
6266.24,0,2,17.68,home,0
7114.9,5,0,3.91,health,0
540.8,1,1,18.37,home,0
3606.24,4,2,18.32,auto,0
3555.44,4,2,9.69,auto,0
2304.47,5,0,16.06,auto,0
13509.71,2,3,9.18,home,0
8786.97,3,1,11.5,auto,0
5973.57,3,1,6.74,auto,0
6264.53,4,1,3.61,home,0
3096.85,4,2,15.06,auto,0
12691.19,2,0,0.53,health,0
5930.59,1,2,11.8,auto,0
6527.83,3,4,17.36,life,0
9891.32,6,1,4.81,life,0
1601.52,4,1,6.99,health,0
8227.16,2,2,11.96,life,0
1086.06,5,1,5.31,auto,0
2118.21,0,1,17.03,health,0
2044.43,3,0,7.65,auto,0
19204.44,5,3,11.84,health,1
9708.4,6,4,4.91,auto,0
6039.4,2,2,1.31,auto,0
6492.46,4,2,3.89,life,0
4128.51,5,0,1.4,auto,0
14695.88,1,1,9.64,health,0
3428.46,4,1,11.94,home,0
2394.36,4,0,1.37,auto,0
889.87,7,1,2.26,home,0
7713.7,3,3,9.97,auto,0
6629.65,4,0,16.08,life,0
2425.42,3,0,12.75,life,0
127.58,3,0,2.54,health,0
9131.67,1,0,17.81,health,0
57.42,0,1,18.39,auto,0
6081.91,10,1,6.84,auto,0
17575.83,5,1,12.51,auto,1
2878.25,1,0,10.1,home,0
1339.22,3,2,18.87,auto,0
6101.71,1,3,10.42,home,0
8494.85,1,0,19.22,home,0
3953.03,1,1,4.39,auto,0
17061.59,2,0,7.24,auto,0
265.26,0,0,15.74,auto,0
3513.92,3,0,15.78,health,0
6337.3,2,1,14.78,auto,0
9925.77,9,1,17.26,auto,0
987.72,2,2,14.2,health,0
8047.28,5,1,12.9,auto,0
4022.71,3,3,9.45,home,0
2525.49,2,0,9.61,health,0
706.18,3,0,8.42,home,0
10023.37,3,0,12.59,home,0
855.56,3,0,8.43,auto,0
1853.78,2,0,3.38,auto,0
1712.77,5,2,2.58,home,0
10255.79,3,6,18.53,auto,0
5584.44,2,2,0.98,health,0
7964.91,3,0,2.56,auto,0
1441.53,4,2,9.18,home,0
4902.47,4,0,5.63,auto,0
4240.19,2,1,8.41,health,0
8943.73,4,1,2.79,home,0
11826.94,5,1,3.05,home,0
61.16,3,0,16.11,home,0
5604.6,2,0,15.3,auto,0
266.14,2,0,2.53,home,0
3979.87,2,1,13.52,auto,0
1695.81,2,1,12.38,home,0
1832.01,4,1,14.41,auto,0
2176.72,2,0,9.75,auto,0
4854.96,3,4,5.76,auto,0
2032.7,2,3,13.44,auto,0
6596.9,4,1,7.74,auto,0
2592.0,6,1,4.77,health,0
354.01,5,1,8.47,home,0
7656.83,4,0,15.38,life,0
1682.67,3,2,9.78,auto,0
2834.92,5,0,6.35,home,0
5782.96,0,2,16.72,health,0
2020.75,4,1,17.69,home,0
291.25,2,0,8.95,home,0
2341.39,3,1,7.81,home,0
14452.23,4,0,12.45,home,0
5132.4,6,0,1.63,health,0
5565.77,4,1,13.98,home,0
5002.2,2,0,15.75,life,0
1109.42,3,1,8.25,life,0
2709.29,1,1,3.91,home,0
6950.3,5,1,1.06,auto,0
534.44,4,2,12.93,auto,0
1627.63,2,2,5.75,auto,0
1617.02,4,1,9.55,auto,0
2828.34,2,1,8.03,auto,0
19653.16,3,1,3.91,auto,0
349.44,2,1,10.41,home,0
3656.33,0,0,9.46,auto,0
988.38,1,3,12.67,home,0
17646.84,3,2,5.41,auto,1
601.26,3,1,4.69,health,0
2584.23,7,2,16.38,health,0
6694.86,3,1,14.19,auto,0
6096.35,2,0,15.56,life,0
2747.21,3,2,2.9,auto,0
2127.25,5,1,4.87,health,0
2534.27,4,2,11.72,home,0
1534.5,4,0,17.22,auto,0
1149.16,0,0,17.9,auto,0
3298.95,4,2,16.72,auto,0
1563.52,9,3,1.35,health,0
1694.61,1,2,16.51,home,0
5346.57,2,3,18.03,auto,0
17294.77,2,1,1.61,home,0
4627.13,3,2,8.62,auto,0
400.52,4,3,10.96,auto,0
392.96,6,2,5.04,life,0
15123.05,8,0,10.58,home,0
1764.06,2,0,17.78,auto,0
482.92,6,3,17.41,life,0
4569.53,4,3,18.83,auto,0
4886.16,8,2,9.94,auto,0
5227.8,0,0,8.51,auto,0
1555.79,1,2,13.48,home,0
76.13,6,1,8.63,home,0
16764.23,2,2,1.32,auto,1
1444.37,3,0,14.54,home,0
5635.46,1,1,5.98,health,0
6131.6,3,1,1.46,home,0
4708.14,1,1,0.9,health,0
1876.43,2,0,18.66,auto,0
1581.07,4,0,5.42,auto,0
4552.39,6,1,9.23,home,0
10053.15,2,0,19.04,auto,0
14662.26,2,2,9.62,auto,0
559.72,2,2,2.03,auto,0
841.08,4,1,11.26,health,0
14478.19,3,1,2.22,auto,0
6669.18,6,2,2.35,auto,0
10727.64,3,0,17.1,auto,0
1132.2,2,0,6.14,health,0
4428.64,2,1,13.73,home,0
6038.89,5,2,10.42,auto,0
5698.92,3,1,4.84,health,0
2622.52,7,1,10.6,health,0
77.57,2,1,1.85,home,0
4372.46,4,2,7.27,auto,0
1459.13,2,1,10.7,home,0
2991.5,2,2,4.95,life,0
15800.8,2,3,13.37,auto,1
2546.1,4,2,1.51,auto,0
9156.71,3,4,9.95,auto,0
1044.6,6,1,14.44,home,0
5580.73,4,1,8.88,home,0
18862.82,2,0,17.55,auto,0
537.33,2,1,12.83,auto,0
41.77,4,0,19.19,life,0
2842.12,5,1,6.04,health,0
486.0,1,0,18.81,life,0
6899.26,1,0,12.33,health,0
12299.04,4,0,15.03,home,0
2845.99,3,0,18.09,auto,0
1496.83,3,1,11.25,home,0
2849.37,2,0,17.31,auto,0
6426.78,4,1,11.06,home,0
45.48,4,0,12.18,home,0
4451.34,4,0,9.18,life,0
4750.42,2,2,3.34,auto,0
5076.25,5,1,11.29,auto,0
1385.51,6,1,19.56,home,0
6259.74,1,0,15.85,health,0
479.2,4,0,15.08,life,0
1111.16,4,0,13.04,home,0
10497.0,4,0,7.28,auto,0
6710.87,6,1,3.81,auto,0
69.2,3,1,4.88,life,0
1427.6,3,1,0.62,home,0
1206.58,5,2,13.63,health,0
1579.08,2,0,16.33,auto,0
1422.17,1,0,5.74,auto,0
322.83,2,0,2.29,home,0
3071.13,4,0,7.05,health,0
6597.54,3,1,6.19,life,0
4666.32,1,1,9.29,health,0
5587.01,5,1,5.65,home,0
423.16,1,0,7.12,home,0
15130.0,5,0,18.2,health,0
9116.0,2,0,7.03,auto,0
8176.09,1,2,15.82,life,0
8657.57,4,2,12.7,home,0
13493.76,2,1,7.08,life,0
3929.1,3,0,16.45,health,0
1117.48,2,1,12.1,auto,0
4795.78,1,1,0.67,auto,0
6791.09,3,2,1.84,auto,0
6695.48,4,3,15.18,auto,0
3684.96,2,1,9.21,home,0
354.57,3,2,8.41,home,0
2319.02,4,0,3.34,home,0
12676.79,6,1,3.57,auto,0
4390.75,2,0,16.06,life,0
3864.55,5,3,16.67,home,0
1565.71,2,0,11.42,health,0
2297.88,4,0,6.25,auto,0
11285.48,2,0,18.69,health,0
5490.01,1,0,12.67,auto,0
7741.41,7,1,16.03,home,0
3028.85,3,0,0.56,home,0
4974.6,6,3,9.28,life,0
1427.65,6,1,17.48,auto,0
6111.72,7,1,7.1,auto,0
2789.6,3,3,14.67,health,0
2921.87,4,0,13.32,auto,0
5239.44,4,3,3.47,auto,0
13766.33,1,0,15.61,home,0
330.73,9,0,2.69,auto,0
8707.52,2,0,14.69,auto,0
1729.26,1,0,19.82,auto,0
2934.21,3,1,19.18,auto,0
110.78,3,2,16.1,home,0
1790.85,3,0,10.92,auto,0
3492.12,2,1,13.66,health,0
289.08,3,2,14.7,life,0
3377.48,4,0,0.66,auto,0
13094.06,1,1,2.5,health,0
556.86,1,0,12.14,life,0
7228.96,3,2,0.63,home,0
2635.38,4,1,18.22,life,0
5323.57,3,0,10.05,auto,0
1507.12,0,1,5.53,health,0
868.75,6,0,8.18,home,0
874.52,6,0,17.09,auto,0
365.5,1,0,18.58,health,0
1026.8,3,0,2.77,home,0
5456.49,2,3,15.67,auto,0
10672.26,3,3,11.78,auto,1
8413.42,3,0,11.92,health,0
5778.05,4,1,15.7,health,0
585.1,3,2,4.85,home,0
1706.73,4,1,10.86,home,0
1853.92,4,3,6.73,auto,0
1438.12,3,0,2.34,home,0
3618.09,2,2,2.55,health,0
3834.55,4,0,3.16,health,0
2207.17,3,0,12.49,home,0
2183.15,4,2,2.56,life,0
8817.48,2,0,11.62,health,0
7786.43,3,3,11.97,auto,1
1839.37,3,0,18.13,auto,0
12254.76,4,3,12.71,auto,1
15268.4,2,2,19.72,home,0
1978.14,4,0,1.1,health,0
2188.07,2,3,14.23,auto,0
3522.4,3,1,1.02,health,0
14161.34,4,0,14.72,home,0
10450.27,4,2,8.02,health,0
541.09,4,3,12.42,auto,0
2493.92,2,0,6.54,auto,0
4030.14,0,2,3.6,home,0
3497.16,3,1,14.61,health,0
1077.51,2,1,18.14,health,0
9788.48,3,2,4.08,home,0
5649.6,1,1,18.45,auto,0
9097.97,3,0,3.23,auto,0
9786.63,3,0,14.85,health,0
6898.7,2,1,19.21,auto,0
2892.05,0,2,3.37,home,0
4715.06,5,1,8.98,home,0
873.94,4,1,7.08,home,0
5598.85,2,0,8.08,home,0
987.7,2,1,15.19,life,0
5920.03,2,0,13.39,health,0
1304.22,2,1,19.39,health,0
625.27,5,0,4.12,home,0
903.32,6,0,11.09,auto,0
9.97,3,1,9.26,life,0
6342.37,3,0,18.42,auto,0
6591.33,1,2,0.71,home,0
3617.34,2,1,19.79,auto,0
879.89,4,2,9.85,home,0
436.26,3,0,12.7,auto,0
96.57,2,0,7.52,health,0
906.1,3,2,17.12,life,0
11075.41,0,0,11.46,home,0
1382.31,2,1,13.42,auto,0
2186.88,1,2,13.15,home,0
556.59,3,0,7.6,auto,0
1257.47,4,0,1.98,life,0
3661.78,5,3,16.25,auto,0
4679.31,1,3,6.15,auto,1
1407.52,6,2,17.05,home,0
297.33,1,1,12.37,health,0
2479.95,1,0,7.4,home,0
1334.19,1,1,12.09,auto,0
1239.45,2,2,13.09,auto,0
16077.26,5,3,14.28,auto,1
4789.48,3,0,16.54,auto,0
4069.56,3,1,3.62,health,0
2687.35,5,1,18.91,auto,0
2801.34,4,0,8.51,home,0
3892.49,2,1,17.28,health,0
5960.71,1,0,4.8,auto,0
6055.76,2,0,1.07,health,0
941.86,4,2,11.68,health,0
3466.86,2,1,6.83,auto,0
2654.79,3,0,19.7,health,0
10221.41,4,1,2.54,home,0
4990.47,5,0,1.42,home,0
3801.82,0,2,1.38,health,0
613.07,5,1,4.73,health,0
4652.43,7,0,11.79,home,0
623.31,3,1,10.36,auto,0
2056.46,3,1,7.33,auto,0
770.66,2,1,2.23,health,0
5889.47,5,1,5.06,life,0
1154.95,2,1,4.09,auto,0
2486.75,5,1,15.04,auto,0
11301.21,2,1,15.71,health,0
1142.77,1,3,15.65,auto,0
3544.4,3,0,19.4,auto,0
2717.36,3,0,17.74,auto,0
91.45,2,0,10.21,auto,0
7869.34,5,1,8.59,life,0
357.73,2,2,18.36,life,0
3214.7,8,2,12.42,auto,0
4112.62,4,1,6.24,life,0
4950.04,6,0,11.51,auto,0
5833.89,4,2,19.85,health,0
1460.27,1,1,17.06,auto,0
50.14,6,2,5.98,health,0
6426.7,5,1,19.08,auto,0
3835.65,8,0,19.64,auto,0
9043.03,2,1,5.01,life,0
8612.71,2,1,17.96,auto,0
9267.95,5,0,17.72,life,0
3318.86,4,0,1.28,auto,0
2029.54,4,1,13.56,auto,0
7840.48,5,0,6.45,health,0
3000.96,3,0,13.65,home,0
1013.29,3,2,18.31,home,0
9654.21,6,0,10.23,auto,0
10709.13,2,2,8.58,home,0
3139.7,3,3,18.47,auto,0
393.59,3,3,19.5,home,0
2453.69,2,2,1.71,home,0
8136.42,1,1,18.5,home,0
11602.42,1,2,2.11,life,0
1137.47,2,2,7.08,home,0
346.61,2,5,15.37,auto,0
10492.12,1,1,15.65,auto,0
2466.61,0,0,14.65,home,0
3901.82,2,2,1.26,auto,0
17220.39,8,0,3.09,auto,0
344.42,4,0,18.76,health,0
5225.14,3,3,2.09,health,0
384.97,4,1,2.03,home,0
2353.77,4,1,16.8,home,0
8143.47,1,0,13.0,home,0
2841.15,6,0,7.36,home,0
29359.27,2,1,3.73,health,0
4094.22,1,0,17.74,health,0
1936.86,7,1,19.78,auto,0
1243.02,3,1,1.47,health,0
2157.92,3,2,11.31,health,0
2330.32,5,2,5.6,auto,0
355.94,2,0,16.73,auto,0
2306.8,2,0,7.25,health,0
3120.33,1,1,14.44,home,0
6413.96,3,0,11.02,health,0
5346.18,2,1,11.06,auto,0
6168.14,8,4,17.23,auto,0
41.99,0,1,9.67,auto,0
1227.38,5,1,16.99,home,0
5418.88,1,0,7.59,home,0
3308.14,4,1,3.91,health,0
26.64,2,0,9.38,health,0
8160.84,4,1,10.22,life,0
7409.83,4,3,9.83,auto,0
3975.0,3,2,16.26,auto,0
343.88,2,1,11.51,auto,0
7273.19,1,0,17.82,home,0
4381.91,2,0,10.53,auto,0
7615.38,1,0,4.88,home,0
6966.53,2,0,3.03,auto,0
8122.81,1,1,17.43,auto,0
3649.14,1,2,1.6,home,0
756.0,3,2,2.79,auto,0
5560.88,1,1,1.74,health,0
4844.16,3,2,8.76,health,0
6778.89,2,2,10.89,auto,0
930.93,3,1,0.89,health,0
1084.41,2,1,10.55,home,0
11055.02,4,0,8.18,home,0
6931.03,1,1,15.59,auto,0
11942.27,3,0,16.68,health,0
7108.89,3,1,13.86,auto,0
4546.02,4,1,9.73,auto,0
5308.5,4,1,4.71,auto,0
10996.89,4,1,17.02,home,0
4323.32,3,1,7.16,home,0
5003.68,4,1,7.45,health,0
850.84,5,1,18.36,health,0
3211.52,3,1,19.52,life,0
6300.9,3,0,18.01,health,0
1580.01,2,0,19.97,auto,0
1129.83,3,0,17.44,home,0
1883.13,4,2,14.23,home,0
1382.07,2,1,6.23,home,0
1209.8,7,0,19.08,home,0
2765.63,4,0,17.59,health,0
11921.06,2,1,5.19,auto,0
3536.84,2,1,10.04,health,0
1040.78,1,1,1.87,auto,0
400.48,2,0,19.09,auto,0
5956.21,3,0,11.67,home,0
2412.8,6,0,5.28,home,0
8625.11,5,0,6.2,auto,0
5386.86,3,1,19.62,home,0
7954.1,2,1,12.5,home,0
1586.9,4,2,8.7,auto,0
5894.11,2,1,10.25,health,0
1533.05,3,1,2.42,auto,0
13990.02,4,1,1.96,health,0
5058.15,1,3,12.06,auto,0
1961.6,9,0,10.48,home,0
1570.21,4,1,7.5,health,0
1059.33,3,0,11.54,health,0
5931.34,3,2,1.92,health,0
1234.08,2,1,18.91,auto,0
4523.09,2,0,6.23,auto,0
1536.94,4,2,1.9,home,0
5423.09,2,0,3.81,home,0
8435.37,2,1,2.36,life,0
7525.96,2,0,3.98,auto,0
7153.35,3,0,8.63,home,0
1039.57,2,1,14.89,home,0
462.69,3,0,5.81,health,0
6002.38,3,3,9.0,auto,0
2297.08,3,2,18.61,life,0
2831.22,3,1,6.27,home,0
158.22,4,3,16.0,health,0
1502.66,6,1,3.58,home,0
171.28,2,2,3.98,health,0
10567.51,3,0,9.39,auto,0
1394.58,5,1,5.06,health,0
4074.73,1,1,18.11,home,0
198.8,4,1,1.49,home,0
5495.77,3,2,12.15,auto,0
1950.62,6,0,12.28,health,0
11409.95,3,1,1.79,auto,0
10951.56,1,2,14.79,auto,0
1967.37,4,0,9.64,auto,0
11561.2,3,0,14.6,auto,0
27808.39,2,2,16.63,home,0
8726.74,4,0,6.8,auto,0
9317.5,6,2,9.95,auto,0
1431.81,3,1,5.58,auto,0
4298.4,6,1,4.43,home,0
348.12,5,2,0.51,home,0
498.65,2,1,19.29,auto,0
34028.76,4,1,9.1,home,0
1977.37,1,0,0.75,home,0
6895.28,4,1,0.67,health,0
8216.66,1,2,6.12,auto,0
9760.46,2,0,0.77,health,0
30220.74,5,0,7.8,auto,0
1382.04,1,1,1.73,health,0
205.94,4,2,1.27,home,0
2648.27,1,1,13.55,auto,0
696.77,3,1,18.18,home,0
113.41,2,0,8.48,health,0
2234.77,4,0,16.82,home,0
7656.33,3,2,1.07,home,0
4175.64,5,2,15.66,auto,0
1875.49,6,1,1.72,life,0
5311.53,4,1,16.85,health,0
1319.95,5,1,17.71,auto,0
72.43,7,1,15.83,health,0
7227.11,2,0,16.5,auto,0
4887.42,4,1,11.45,health,0
7183.78,6,3,5.67,home,0
198.58,3,2,13.04,home,0
9073.7,7,2,9.07,auto,0
4831.69,6,2,0.6,life,0
4143.64,3,1,9.8,health,0
4899.0,1,0,13.2,health,0
9991.46,2,1,0.77,auto,0
4420.77,4,1,12.62,auto,0
4348.83,4,2,13.22,home,0
23377.51,5,1,3.58,health,0
7067.92,4,0,8.91,life,0
2919.61,4,2,19.3,auto,0
6144.69,2,1,17.74,home,0
2465.18,6,0,8.51,health,0
1299.53,1,1,7.32,auto,0
4542.26,1,3,2.92,home,0
13168.11,7,0,1.19,auto,0
13235.21,3,1,6.3,home,0
2092.03,3,0,18.84,health,0
3750.47,1,1,19.19,health,0
1188.98,2,3,16.34,home,0
27166.23,1,0,7.34,auto,0
19847.71,1,0,3.3,home,0
5242.1,2,2,12.11,health,0
8158.78,3,2,13.11,home,0
6278.09,2,0,8.78,home,0
4496.65,7,2,13.99,life,0
274.12,4,0,15.06,health,0
3032.69,4,2,15.77,health,0
5616.36,3,0,10.29,life,0
5658.75,4,1,15.94,auto,0
2335.02,4,0,1.0,health,0
14210.08,7,1,13.77,home,0
915.75,4,1,5.09,auto,0
3469.33,4,1,5.78,home,0
5870.19,1,1,2.28,home,0
5972.35,1,3,4.25,auto,0
5229.7,1,0,19.84,life,0
1609.91,5,0,8.6,auto,0
849.24,6,1,18.59,life,0
5052.19,3,2,3.68,auto,0
4572.74,6,3,4.48,auto,0
988.33,7,0,11.38,home,0
6106.26,2,1,7.32,health,0
3036.43,3,1,13.06,auto,0
5509.5,3,0,8.73,life,0
9081.3,2,1,16.33,health,0
930.01,2,1,8.92,health,0
96.65,1,1,11.66,auto,0
7550.28,2,1,6.76,home,0
4704.17,4,0,14.23,life,0
6013.86,1,1,13.27,auto,0
9105.58,5,2,8.24,auto,0
8117.96,3,3,5.88,home,0
16210.74,3,1,12.48,life,0
3838.65,3,3,18.89,home,0
3352.0,4,1,3.09,home,0
2569.88,0,0,16.08,home,0
834.35,4,1,11.09,life,0
4250.26,6,0,10.75,auto,0
1621.82,4,1,19.25,auto,0
12711.04,1,3,12.31,auto,0
4375.63,3,3,16.7,auto,1
4492.75,0,3,10.53,auto,0
2191.94,5,2,5.37,auto,0
266.95,3,0,14.04,home,0
161.29,2,1,18.5,auto,0
2752.47,4,2,16.9,home,0
441.78,4,0,4.37,life,0
4667.78,6,0,6.68,auto,0
10642.02,3,0,10.58,auto,0
10724.27,2,0,11.65,auto,0
5380.03,0,2,4.28,home,0
1186.41,3,3,4.99,health,0
9938.76,3,0,15.3,health,0
10861.88,4,0,14.74,home,0
1094.85,3,0,16.86,health,0
6686.11,4,2,18.69,health,0
1688.0,1,3,6.51,auto,0
8113.64,0,0,17.26,auto,0
29458.82,3,0,13.49,home,0
152.43,2,0,19.18,life,0
11382.92,3,1,5.81,auto,0
4872.65,2,1,5.76,auto,0
18130.95,3,0,14.23,health,0
3127.53,3,2,18.6,auto,0
9399.28,0,2,16.58,home,0
322.13,1,1,14.68,auto,0
2041.94,2,0,8.05,auto,0
346.84,4,1,14.5,home,0
18513.5,3,0,16.12,home,0
8490.63,0,0,15.19,auto,0
9571.24,5,2,13.7,health,0
13900.3,3,2,1.42,auto,0
444.72,2,3,13.36,home,0
2435.53,2,1,9.83,auto,0
368.42,2,0,19.25,health,0
1183.63,1,1,12.34,health,0
1302.71,0,0,12.36,auto,0
3165.98,5,2,19.88,auto,0
1563.72,5,0,2.32,health,0
532.24,0,1,5.89,home,0
916.56,1,0,13.29,home,0
796.59,2,0,6.65,auto,0
18073.83,2,2,7.25,life,0
7120.86,4,0,17.91,life,0
17172.96,2,1,11.8,auto,1
2896.78,5,0,2.51,home,0
1631.2,3,2,6.56,health,0
8004.7,2,1,1.98,home,0
1974.51,4,1,11.34,home,0
1778.97,4,3,3.88,auto,1
1323.12,2,1,17.21,auto,0
694.47,0,0,11.76,health,0
1481.68,5,2,1.66,home,0
2195.0,2,1,6.37,home,0
5604.2,3,4,12.52,auto,0
323.04,0,0,7.04,health,0
1181.82,5,0,10.51,health,0
8278.03,3,1,18.23,home,0
794.52,3,2,7.33,life,0
2097.66,1,0,7.05,auto,0
9999.79,6,0,16.49,health,0
841.65,2,0,6.72,home,0
431.8,4,0,2.02,auto,0
3313.46,3,1,4.03,auto,0
1800.69,1,0,19.0,auto,0
4143.78,3,0,18.7,health,0
8143.23,3,2,4.88,health,0
737.56,1,2,11.29,home,0
4345.83,5,1,3.18,auto,0
3521.13,2,0,13.66,life,0
777.88,8,1,4.11,auto,0
4890.81,5,1,1.47,home,0
1598.55,3,2,16.59,health,0
3345.54,2,0,6.85,auto,0
429.27,0,1,2.62,home,0
3077.08,2,0,16.76,auto,0
1829.76,6,1,15.37,auto,0
8640.58,4,0,13.83,health,0
293.33,3,0,18.27,auto,0
2711.64,4,0,10.04,home,0
3066.43,2,1,3.0,auto,0
6455.03,2,1,1.7,home,0
4269.96,2,2,6.71,auto,0
5501.25,3,2,2.19,health,0
7504.02,3,1,10.94,auto,0
9909.87,5,0,0.78,health,0
1883.48,5,1,9.15,home,0
3861.2,2,3,3.98,home,0
9166.29,0,2,7.68,health,0
22758.68,1,1,13.66,auto,1
11014.57,3,1,7.34,auto,0
2321.84,2,1,7.16,auto,0
1085.6,5,2,19.82,auto,0
3360.77,2,1,14.52,life,0
6767.03,2,1,10.52,auto,0
3391.97,5,0,11.8,health,0
3300.31,7,0,12.59,home,0
9107.91,4,0,0.98,auto,0
2242.41,5,1,2.07,life,0
9823.24,3,2,13.16,life,0
2611.16,5,2,7.61,life,0
1989.22,2,1,1.58,home,0
3025.59,6,1,6.3,auto,0
7186.82,2,2,3.04,auto,0
673.39,1,1,18.37,home,0
1093.39,1,0,4.46,auto,0
15125.27,8,1,3.3,health,0
964.84,5,1,12.71,health,0
4193.49,4,1,10.68,auto,0
4329.35,1,0,11.73,home,0
3363.04,6,2,9.0,life,0
5174.6,1,1,9.61,auto,0
1305.7,5,0,15.69,auto,0
4022.21,2,2,4.79,auto,0
2327.46,6,0,8.23,auto,0
5418.63,3,0,19.18,auto,0
761.23,6,0,4.2,auto,0
4230.06,3,2,6.23,auto,0
1024.49,6,2,4.24,home,0
1633.11,5,2,0.9,auto,0
1234.04,1,2,5.76,auto,0
1009.59,3,0,1.41,health,0
8735.2,3,1,3.52,home,0
1682.31,2,1,7.57,auto,0
13094.96,4,1,0.9,health,0
17520.56,2,1,15.18,auto,1
4234.53,4,1,16.01,auto,0
771.59,4,0,8.52,health,0
2346.41,0,0,19.7,auto,0
7990.82,4,0,13.74,health,0
2289.51,2,0,15.0,health,0
455.19,3,2,4.25,auto,0
4068.5,3,1,16.83,auto,0
9325.55,2,1,18.93,auto,0
7946.37,0,3,5.11,auto,0
962.61,1,0,13.89,health,0
5585.38,5,0,15.07,home,0
1245.54,4,2,6.45,auto,0
1230.83,2,0,9.76,home,0
10360.22,1,2,2.4,auto,0
1436.2,1,0,3.88,auto,0
1527.52,3,1,1.7,auto,0
3.27,3,0,11.42,health,0
10226.9,3,0,12.69,auto,0
7865.4,5,1,18.36,home,0
4935.3,4,0,11.07,auto,0
6936.79,3,2,5.58,home,0
824.66,0,1,1.66,auto,0
3065.43,7,2,17.76,auto,0
2163.3,3,0,9.84,home,0
492.35,4,0,14.88,home,0
3328.93,4,1,0.79,auto,0
12675.09,4,0,10.02,health,0
204.42,1,0,6.85,auto,0
1722.75,4,0,1.09,health,0
1163.07,3,0,15.63,home,0
1360.01,4,2,10.5,health,0
11953.51,2,0,7.0,home,0
3156.21,5,0,16.21,auto,0
3139.6,3,1,9.22,health,0
7147.59,1,3,0.57,health,0
839.09,4,1,18.92,life,0
3339.98,6,1,5.49,auto,0
2810.46,1,1,16.7,home,0
4542.99,3,0,16.42,home,0
38617.65,2,0,3.67,home,0
7336.41,6,0,9.74,life,0
2536.37,1,3,1.28,home,0
8788.33,4,2,7.41,home,0
935.92,2,1,14.75,auto,0
154.69,5,3,5.12,auto,0
1143.6,2,0,2.78,auto,0
2080.7,1,0,10.39,auto,0
3572.68,2,1,10.97,auto,0
4774.24,5,0,13.68,auto,0
12073.49,2,1,15.3,home,0
3565.26,2,1,14.07,home,0
3478.51,3,0,16.99,health,0
257.75,4,2,4.85,home,0
177.68,2,4,11.61,home,0
4005.44,4,5,7.52,auto,0
2882.86,4,0,19.26,health,0
9137.36,3,2,9.09,auto,0
875.81,7,0,19.21,life,0
126.44,0,1,15.5,home,0
2980.45,4,0,14.51,auto,0
1355.62,5,0,10.09,auto,0
254.44,3,1,9.15,auto,0
6447.62,0,2,10.77,auto,0
591.63,5,0,6.23,auto,0
4686.54,4,0,18.14,home,0
1649.82,1,2,15.99,auto,0
952.75,0,1,16.13,home,0
2388.18,3,2,8.95,health,0
8083.47,4,0,1.89,home,0
2488.67,4,0,13.82,auto,0
6946.89,1,0,7.8,auto,0
670.44,2,1,17.47,auto,0
7408.99,1,0,15.72,health,0
1352.05,1,2,3.33,home,0
5656.6,0,3,12.23,home,0
4171.04,4,0,14.0,auto,0
13235.58,3,1,11.58,auto,0
2449.58,1,0,10.52,health,0
342.28,5,1,4.94,home,0
96.71,5,1,5.1,life,0
8768.23,3,1,15.48,life,0
3719.42,7,1,0.86,health,0
7463.7,1,1,15.69,auto,0
1335.64,3,1,10.77,auto,0
2116.24,5,3,18.76,auto,0
152.83,2,1,19.95,life,0
16284.49,2,0,13.44,auto,1
5511.11,2,0,8.54,health,0
13530.64,5,1,9.76,life,0
1542.8,2,0,4.48,health,0
4726.84,1,0,2.44,home,0
5673.79,3,3,11.79,auto,0
1910.33,3,3,16.21,auto,0
9422.97,1,1,5.6,home,0
14702.57,5,1,8.68,life,0
10807.82,2,2,11.32,life,0
6717.46,4,1,18.2,auto,0
1624.94,5,0,3.2,auto,0
1653.76,4,0,5.12,home,0
16533.12,5,4,18.41,home,1
51.69,4,1,1.27,auto,0
6294.79,4,2,13.29,auto,0
6125.07,2,0,12.97,life,0
4873.43,6,0,7.97,life,0
23080.57,0,0,9.63,home,0
1868.96,1,3,17.17,home,0
2077.36,0,0,3.72,auto,0
411.15,2,0,5.02,health,0
2924.14,1,1,10.49,auto,0
1512.62,2,1,8.49,auto,0
2103.3,8,0,11.7,auto,0
8996.09,5,0,18.46,auto,0
13704.25,2,0,18.38,health,0
1027.34,1,3,4.99,life,0
2330.13,2,0,6.39,home,0
13199.43,5,0,3.66,health,0
319.01,5,0,18.59,auto,0
484.54,2,3,8.26,home,0
888.41,4,1,9.27,health,0
4521.97,1,0,16.15,home,0
815.37,1,1,10.5,auto,0
17222.05,1,2,2.84,health,0
2959.41,5,0,9.04,auto,0
3480.94,2,0,12.8,auto,0
1416.18,4,0,14.52,home,0
3183.46,4,0,13.08,auto,0
5422.27,5,1,2.82,home,0
6955.07,4,2,6.43,home,0
7009.44,3,1,14.8,auto,0
4312.46,3,1,17.66,life,0
11735.81,3,1,1.42,health,0
8502.5,5,1,1.32,auto,0
7074.46,4,2,13.05,health,0
286.06,3,0,11.19,auto,0
34.51,2,0,3.53,health,0
1194.12,4,2,11.19,health,0
5446.14,5,0,19.5,auto,0
2648.32,1,0,12.8,home,0
2574.22,5,1,9.26,health,0
10796.19,5,0,16.64,auto,0
11295.85,2,1,4.65,auto,0
11994.12,2,0,8.58,auto,0
1883.5,2,0,10.79,auto,0
5872.97,2,1,10.34,auto,0
1584.75,4,1,18.46,auto,0
1057.37,3,0,6.21,auto,0
1020.58,1,2,1.6,auto,0
2093.57,5,1,18.37,home,0
2810.22,2,1,4.73,life,0
8887.78,3,2,7.89,life,0
638.55,0,2,10.85,auto,0
6638.73,1,1,19.53,health,0
3790.61,3,2,10.94,life,0
1698.0,2,2,9.23,life,0
3394.44,2,0,11.88,health,0
1782.96,3,1,19.43,health,0
4532.72,2,0,16.45,auto,0
2844.43,3,2,3.79,auto,0
898.06,5,1,16.16,home,0
619.79,3,0,16.9,auto,0
3955.96,5,3,13.97,life,0
11635.06,4,0,13.32,auto,0
2107.65,4,0,9.1,life,0
6602.54,4,1,13.01,health,0
5374.4,2,2,14.88,home,0
13408.62,2,1,2.89,auto,0
8601.32,5,1,5.52,auto,0
4180.53,5,0,4.28,home,0
5350.57,1,0,16.9,health,0
11432.89,3,2,13.76,life,0
2550.12,8,0,9.29,auto,0
1978.52,3,1,16.61,auto,0
54.35,6,4,14.48,auto,1
8759.36,1,0,18.32,auto,0
8071.77,3,0,2.0,health,0
551.61,2,0,10.43,auto,0
4300.23,1,1,14.28,home,0
3117.93,2,2,4.55,home,0
631.84,3,0,6.88,auto,0
19704.23,4,0,8.67,home,0
1208.42,2,0,15.99,home,0
348.01,2,1,10.12,auto,0
4517.46,3,2,10.11,home,0
6713.62,5,0,8.9,auto,0
164.91,3,1,4.96,home,0
5375.23,3,0,18.5,life,0
3799.55,2,3,6.7,health,0
544.97,1,1,11.57,home,0
946.88,3,1,3.4,health,0
4196.35,4,0,8.97,health,0
1757.43,2,3,18.12,auto,0
13928.63,1,2,19.91,health,0
8539.12,5,0,7.55,home,0
20542.38,2,0,3.5,health,0
1503.3,2,2,6.63,auto,0
17486.94,5,1,6.88,life,0
2821.43,1,1,13.07,home,0
2134.86,3,1,10.18,auto,0
258.31,6,0,15.48,home,0
271.04,4,3,14.18,auto,0
5888.46,6,0,5.4,auto,0
3061.79,0,1,15.79,auto,0
1284.29,3,1,17.03,auto,0
4759.2,5,2,12.17,home,0
1457.5,3,1,18.59,auto,0
4309.39,4,0,15.77,auto,0
2225.26,1,1,12.11,home,0
8673.65,7,0,18.17,auto,0
8593.37,2,1,12.21,auto,0
3244.22,4,0,10.66,auto,0
2160.22,4,1,7.45,home,0
2251.47,1,3,17.72,auto,0
8192.13,3,0,2.89,auto,0
1988.82,3,2,9.73,home,0
1172.66,6,1,10.98,auto,0
442.45,4,0,11.32,home,0
3143.29,3,1,13.21,auto,0
3290.18,3,1,10.36,health,0
9191.39,3,1,5.51,health,0
1250.25,3,0,17.21,life,0
2398.18,4,2,13.32,home,0
8261.88,3,0,17.23,home,0
8675.67,1,0,5.88,life,0
2427.5,4,1,12.92,auto,0
3072.83,5,0,14.43,home,0
1806.9,5,1,7.98,auto,0
13482.21,3,3,16.34,home,0
631.47,3,1,0.55,auto,0
13571.56,5,1,12.1,health,0
5757.95,3,0,12.46,life,0
3791.87,2,1,10.91,auto,0
166.02,3,0,12.79,health,0
3227.47,1,2,3.76,auto,0
2619.12,4,2,13.85,auto,0
879.03,5,0,7.05,home,0
5341.53,3,2,9.32,auto,0
17728.38,3,0,7.0,home,0
4129.84,1,1,9.74,auto,0
6272.0,2,3,12.62,home,0
354.53,2,1,16.85,home,0
2703.56,6,0,9.93,life,0
618.52,5,1,6.8,health,0
4744.02,4,0,10.01,auto,0
13942.14,6,1,13.93,auto,0
5420.26,4,1,7.26,life,0
399.56,1,0,8.58,health,0
2189.94,6,2,11.48,home,0
3999.91,2,0,6.23,home,0
2580.93,2,1,4.58,auto,0
8968.13,3,0,3.24,home,0
8428.11,5,0,7.38,health,0
4731.57,3,0,1.44,auto,0
2337.7,3,1,11.88,life,0
1474.11,1,0,3.93,auto,0
559.54,2,1,7.86,home,0
2191.73,3,1,5.75,auto,0
2665.12,1,1,12.79,home,0
5632.33,1,1,17.08,auto,0
5367.06,4,1,12.85,auto,0
363.43,2,1,11.08,life,0
2514.78,4,0,13.55,home,0
1003.11,4,0,1.08,home,0
852.83,1,2,2.9,home,0
8781.06,3,2,2.35,auto,0
214.1,3,0,2.41,auto,0
2716.6,1,1,5.58,auto,0
920.84,3,1,10.88,home,0
10573.49,2,2,2.74,health,0
4071.38,5,1,18.73,auto,0
1315.8,5,1,17.16,home,0
3490.07,6,1,19.45,auto,0
6574.27,3,4,1.33,auto,0
15864.5,2,3,17.1,home,1
1245.17,1,0,16.17,auto,0
10865.76,2,1,18.09,home,0
13613.59,1,1,10.79,auto,0
12409.79,3,0,15.86,life,0
5044.97,4,5,1.5,home,0
4968.84,4,0,1.98,auto,0
2580.96,1,4,2.81,auto,0
6979.66,1,2,18.34,auto,0
3788.9,5,1,1.69,auto,0
5657.3,3,2,2.45,home,0
2797.09,0,1,18.64,health,0
6574.46,8,2,2.59,auto,0
8699.77,2,0,17.46,home,0
791.68,5,0,15.89,auto,0
8946.7,3,3,1.29,home,0
3885.87,2,1,0.93,auto,0
9310.89,7,0,10.92,life,0
2822.03,0,1,19.94,health,0
2382.45,3,0,17.64,life,0
12329.09,4,1,6.55,auto,0
1446.21,4,0,8.03,home,0
9296.31,4,0,8.06,health,0
3308.44,8,1,14.82,health,0
3608.72,4,0,7.15,auto,0
1844.23,2,0,3.38,life,0
4255.35,1,1,15.07,life,0
1966.78,2,2,9.43,auto,0
200.31,0,0,2.0,home,0
1587.26,4,0,15.91,auto,0
32.0,3,2,11.91,health,0
19164.85,1,0,10.04,home,0
16869.94,3,1,13.63,auto,0
2513.92,6,2,10.35,auto,0
6516.59,4,1,13.14,auto,0
2121.76,1,2,17.42,auto,0
5559.9,1,2,12.46,auto,0
8184.82,3,1,13.36,home,0
14664.37,3,1,12.47,health,0
2555.9,7,1,10.86,home,0
7646.16,5,0,3.85,home,0
1545.74,7,3,7.05,auto,0
23194.83,3,2,14.02,auto,0
130.54,2,0,8.8,health,0
4625.76,4,0,8.42,auto,0
5386.79,2,0,15.31,auto,0
5824.49,6,0,0.61,auto,0
641.37,3,4,13.74,home,0
13946.01,1,0,10.04,health,0
999.48,2,2,7.85,home,0
4874.28,6,1,7.14,auto,0
1259.49,4,1,3.87,health,0
1835.19,3,0,7.02,auto,0
3953.34,4,1,8.13,home,0
2699.5,3,1,9.03,auto,0
873.11,4,2,13.61,life,0
937.29,2,0,9.34,health,0
2707.67,7,2,16.03,home,0
7079.3,3,0,12.97,home,0
11412.18,4,0,4.2,home,0
439.39,6,0,5.9,auto,0
2496.99,4,0,2.05,health,0
528.17,2,1,18.94,home,0
83.66,6,3,17.79,home,0
5419.39,2,1,2.15,auto,0
4612.17,3,0,11.69,auto,0
889.77,2,0,19.23,home,0
1331.64,4,2,15.07,home,0
119.97,6,1,10.09,auto,0
9007.45,2,2,5.2,auto,0
18382.9,2,0,5.94,home,0
727.79,6,1,14.86,auto,0
1316.41,2,0,15.72,home,0
10140.3,1,1,10.81,home,0
13049.89,6,1,2.86,auto,0
2720.42,4,2,18.71,health,0
259.74,4,1,16.97,auto,0
200.94,2,0,3.24,health,0
4265.99,1,0,1.61,health,0
2495.27,4,0,10.95,home,0
145.35,5,0,6.04,life,0
4376.37,5,1,6.02,health,0
56.83,2,0,2.2,life,0
7741.05,2,2,19.09,home,0
1829.54,3,0,16.69,home,0
205.45,7,0,2.72,home,0
4437.94,3,2,17.59,auto,0
2534.87,5,2,13.82,life,0
18210.06,4,1,6.85,home,0
3928.49,2,3,17.49,home,0
1609.57,0,3,12.16,life,0
6179.71,4,3,17.05,life,0
1583.78,0,3,9.65,auto,0
11729.72,1,0,10.26,health,0
2347.79,1,1,6.17,home,0
3991.08,6,1,8.06,home,0
259.48,2,2,11.57,life,0
2776.69,7,1,18.97,health,0
8929.79,4,3,12.2,home,0
8190.44,6,2,3.37,auto,0
1270.07,5,4,0.64,home,0
1281.43,1,1,17.09,home,0
8499.69,4,0,7.6,auto,0
13324.84,3,1,6.64,home,0
501.1,5,0,16.11,auto,0
2989.72,1,2,18.93,home,0
2058.33,3,1,15.09,health,0
10227.65,5,1,3.89,auto,0
436.1,3,2,8.13,health,0
1185.74,0,1,15.31,auto,0
6981.08,2,0,18.19,home,0
263.28,2,2,19.97,home,0
3391.64,3,0,10.48,health,0
2917.94,4,0,16.54,health,0
2035.34,4,1,1.41,home,0
2509.1,3,0,6.07,auto,0
3774.48,0,1,7.74,home,0
879.91,2,1,19.52,home,0
4243.11,2,1,0.57,auto,0
8184.88,9,2,6.51,auto,0
7138.94,3,1,18.64,auto,0
835.59,5,0,6.48,auto,0
808.18,3,2,4.89,home,0
1561.07,4,2,14.74,home,0
2239.84,2,1,15.03,home,0
2625.09,0,1,9.71,auto,0
5692.44,1,1,18.96,life,0
291.75,0,1,4.45,home,0
176.44,2,0,18.31,home,0
2487.17,5,2,15.23,auto,0
5972.81,3,0,7.68,home,0
1074.86,3,1,16.23,home,0
5129.2,2,2,3.1,home,0
1504.36,1,2,3.05,health,0
10861.56,3,0,18.63,health,0
11301.94,2,1,2.35,health,0
1764.04,2,1,0.58,auto,0
1306.78,3,3,8.09,auto,0
2649.23,1,1,2.53,auto,0
1375.68,0,1,17.33,home,0
5579.56,3,1,18.49,home,0
8745.36,3,0,9.91,health,0
5590.38,5,2,8.8,auto,0
8696.32,2,0,11.01,auto,0
2529.13,3,0,4.91,auto,0
849.89,3,0,6.31,auto,0
6696.12,2,1,2.47,auto,0
2235.14,6,1,9.21,auto,0
5562.61,5,2,12.43,auto,0
1577.97,3,2,18.64,health,0
423.6,1,1,14.91,auto,0
24519.09,3,0,14.6,auto,1
849.21,4,1,6.51,auto,0
22292.81,2,0,17.82,life,0
18922.53,2,1,18.97,home,0
7894.98,3,0,18.68,life,0
5385.57,2,0,1.26,home,0
4311.46,1,3,12.28,life,0
10053.37,1,0,13.04,auto,0
1708.51,3,0,6.25,auto,0
3152.56,3,1,19.85,home,0
4829.9,3,1,6.18,life,0
2648.26,0,2,4.72,health,0
2788.59,4,0,9.94,home,0
2004.51,3,0,6.8,auto,0
4153.22,5,0,18.52,auto,0
9504.79,8,1,9.08,auto,0
1125.28,3,1,8.5,auto,0
13623.42,2,0,12.7,auto,0
5841.22,5,0,2.08,auto,0
8665.75,3,0,15.26,health,0
4061.8,0,2,15.48,auto,0
7559.67,4,1,9.74,auto,0
81.67,1,1,19.14,auto,0
8529.21,1,2,11.8,auto,0
204.83,2,2,14.06,auto,0
11032.44,1,0,18.52,auto,0
24118.34,3,0,13.49,life,0
1741.18,5,1,8.92,home,0
1180.63,4,3,0.98,auto,1
7248.59,3,1,14.7,home,0
1458.63,3,2,19.31,auto,0
10033.28,4,2,9.67,auto,0
542.62,3,1,7.13,auto,0
673.12,3,1,10.63,auto,0
19352.38,2,2,14.7,health,0
5601.82,3,3,0.51,health,1
9382.9,4,2,17.8,auto,0
1960.25,2,0,17.78,home,0
5642.53,8,0,11.06,auto,0
4509.99,2,1,2.89,auto,0
4620.99,1,1,13.6,auto,0
5736.9,8,0,3.19,home,0
4282.56,2,0,10.4,auto,0
2802.38,3,2,2.33,home,0
1614.29,1,0,11.99,health,0
7317.63,3,1,6.7,health,0
1282.68,6,1,16.7,auto,0
5894.03,3,1,16.1,auto,0
1328.51,2,2,19.97,auto,0
4908.55,2,0,5.52,life,0
6873.38,2,2,1.71,health,0
1234.07,4,2,9.14,health,0
309.08,3,0,2.13,home,0
701.91,1,1,3.98,home,0
4656.98,5,1,12.15,auto,0
9467.18,2,1,12.05,health,0
230.2,3,0,1.34,health,0
6624.14,3,0,9.14,auto,0
2087.58,5,0,10.84,auto,0
3255.5,4,1,5.73,health,0
13215.5,6,2,17.5,auto,0
2017.12,4,0,3.64,health,0
3130.59,1,1,5.45,home,0
68.88,4,1,3.56,home,0
425.6,2,1,2.77,home,0
1496.02,2,1,17.64,home,0
141.24,5,0,5.92,auto,0
4989.88,2,2,14.59,life,0
2779.1,2,0,8.85,life,0
3971.97,1,2,12.9,home,0
959.72,4,0,18.6,home,0
1754.4,2,4,16.97,home,0
5450.61,4,2,1.85,home,0
16805.47,0,2,16.98,life,0
258.66,3,0,9.31,auto,0
11053.87,6,0,7.33,auto,0
4300.51,3,1,13.61,life,0
4149.64,1,1,19.03,auto,0
3468.52,4,0,2.34,health,0
359.6,0,2,15.48,auto,0
470.88,2,1,4.47,life,0
4592.87,4,0,7.91,health,0
2084.84,1,0,17.54,life,0
12460.75,3,1,11.14,life,0
2609.35,5,2,1.82,auto,0
773.23,2,0,10.41,home,0
6271.4,1,0,15.9,home,0
1736.12,5,1,10.81,health,0
3727.16,1,1,3.75,auto,0
5983.87,2,0,9.18,life,0
11526.15,2,0,18.52,auto,0
7855.68,2,0,13.33,health,0
5640.63,2,2,14.73,home,0
5691.44,1,1,15.83,home,0
14586.88,2,0,2.27,auto,0
1753.64,3,0,11.84,auto,0
5.56,3,0,7.83,auto,0
1586.96,0,1,3.21,home,0
1228.81,5,2,4.45,home,0
5421.1,7,2,15.73,health,0
5021.67,3,1,3.65,auto,0
4500.38,1,1,6.59,home,0
81.88,3,0,6.06,life,0
6524.09,1,2,1.45,health,0
1954.34,3,0,9.51,auto,0
5468.96,3,1,15.44,health,0
4066.17,1,3,0.93,life,0
2098.31,5,3,2.69,life,0
722.68,4,2,14.54,health,0
495.89,0,1,12.07,home,0
8904.64,3,2,14.45,auto,0
12529.48,1,0,4.99,home,0
5246.08,11,0,16.17,home,0
545.92,0,3,9.86,auto,0
2571.05,4,2,12.4,auto,0
6527.06,3,0,2.3,auto,0
7566.57,3,1,4.5,home,0
629.06,0,0,15.58,auto,0
0.15,1,0,4.87,home,0
6226.35,4,0,2.3,health,0
2204.91,7,2,12.15,auto,0
1468.38,1,3,11.18,life,0
64.91,0,1,12.35,home,0
3885.9,2,2,12.56,auto,0
9524.11,4,1,10.25,auto,0
15806.77,2,0,10.13,auto,1
4170.62,3,2,18.52,auto,0
3612.48,3,1,10.91,health,0
444.46,1,0,12.54,health,0
3980.03,3,3,5.71,health,0
2390.01,2,1,17.49,home,0
4671.45,4,3,0.98,home,1
2461.05,4,1,11.37,auto,0
1374.15,2,2,7.99,home,0
498.91,1,0,12.28,home,0
1891.09,3,0,7.52,auto,0
508.2,2,1,14.49,life,0
973.37,5,1,0.9,home,0
21845.02,3,1,8.41,health,0
2935.87,3,1,16.71,home,0
3795.07,7,1,5.38,auto,0
10342.25,4,2,1.53,health,0
27095.54,2,2,10.18,auto,0
4369.92,4,1,19.54,home,0
8369.18,3,0,1.75,home,0
1979.61,3,0,1.87,auto,0
1824.57,6,3,12.1,home,0
2576.71,2,0,5.38,auto,0
5581.45,0,0,8.5,auto,0
5731.53,3,2,16.69,health,0
1893.43,3,3,4.38,home,0
714.79,1,0,14.53,auto,0
5003.75,3,2,10.34,home,0
686.7,0,1,18.15,health,0
4319.59,2,0,19.47,auto,0
5911.42,4,0,9.96,home,0
6030.07,6,0,11.9,home,0
7001.4,3,2,15.04,health,0
10312.31,3,2,6.71,home,0
3465.33,0,2,4.92,auto,0
6551.28,7,1,19.31,auto,0
4827.05,3,0,8.94,home,0
1032.91,4,2,0.53,auto,0
130.13,5,0,16.84,health,0
1674.16,2,1,12.19,auto,0
2926.25,0,0,3.79,auto,0
4799.98,1,0,1.09,auto,0
9484.24,1,1,6.18,home,0
1092.31,2,1,18.59,home,0
670.8,2,5,18.7,auto,0
16549.47,3,0,6.56,health,0
571.7,2,0,16.8,auto,0
3255.14,3,0,9.12,auto,0
4404.18,3,2,13.26,auto,0
3897.61,6,1,7.02,life,0
449.8,4,0,10.56,health,0
293.59,4,2,6.23,health,0
557.36,1,2,1.69,auto,0
4404.47,0,2,3.22,home,0
3930.1,4,3,6.17,home,0
1331.17,2,1,19.54,auto,0
5077.44,7,2,19.33,auto,0
8575.87,3,1,16.64,health,0
212.34,1,0,5.03,auto,0
3447.07,1,2,9.11,home,0
5844.8,4,0,9.08,auto,0
1453.85,3,3,8.05,home,0
1839.19,4,1,1.38,auto,0
4754.9,3,1,10.92,auto,0
11410.74,2,0,1.92,home,0
8301.67,0,0,16.14,life,0
4374.91,1,1,13.98,life,0
6550.77,3,0,7.38,auto,0
2269.25,3,0,13.12,auto,0
5121.68,3,2,5.04,home,0
3138.5,1,1,5.67,home,0
1053.21,6,0,6.63,health,0
6048.92,2,0,16.04,home,0
4064.89,2,1,4.61,home,0
2220.68,5,0,11.47,home,0
12114.69,4,2,4.41,auto,0
105.78,4,0,6.06,home,0
1897.33,2,1,5.09,home,0
292.82,8,0,13.08,health,0
7273.45,5,1,10.77,auto,0
6055.11,5,1,14.57,auto,0
2012.49,7,0,4.79,life,0
5629.86,2,0,0.68,home,0
2520.39,2,0,13.77,life,0
7058.14,3,2,2.74,home,0
3027.36,6,1,5.3,life,0
2657.52,2,0,6.46,auto,0
13646.11,6,1,15.06,auto,0
1444.27,6,0,12.7,health,0
641.71,4,0,4.09,health,0
4391.88,5,2,12.16,home,0
17421.02,4,1,14.31,home,0
2372.78,2,2,8.08,life,0
320.22,2,2,5.3,auto,0
2072.32,6,1,13.74,home,0
3525.41,5,1,12.41,auto,0
883.23,2,0,2.02,auto,0
5366.22,2,0,13.5,home,0
30482.77,4,1,10.03,health,0
3005.02,3,0,15.19,health,0
2190.42,3,2,4.22,life,0
2560.0,6,0,5.54,auto,0
611.66,3,2,11.09,auto,0
10739.61,4,1,9.89,auto,0
2679.23,4,1,8.03,auto,0
2449.19,4,2,15.05,auto,0
5389.5,4,2,11.51,auto,0
2917.28,5,1,14.35,home,0
5223.94,0,0,3.49,auto,0
317.08,3,1,14.72,home,0
8402.61,1,0,9.5,life,0
14109.23,3,1,1.16,health,0
5231.5,10,1,5.07,health,0
15457.46,3,0,1.0,health,0
821.03,3,1,9.41,auto,0
3244.85,2,1,6.85,health,0
4604.09,2,1,19.76,health,0
4358.22,1,1,17.44,auto,0
2566.32,4,0,16.6,health,0
2063.09,4,1,10.27,home,0
678.09,5,1,16.24,auto,0
2485.78,6,1,5.7,home,0
887.63,2,1,11.43,home,0
6628.17,2,2,8.16,home,0
1171.22,2,1,3.84,auto,0
301.75,2,2,1.92,home,0
4018.9,1,3,11.39,home,0
4522.18,2,1,2.4,life,0
10275.23,4,1,14.5,health,0
4301.7,4,2,18.47,health,0
2119.27,3,1,3.66,auto,0
8123.06,2,2,9.68,auto,0
3885.68,2,1,14.91,auto,0
413.0,2,0,6.09,home,0
4171.83,1,2,18.45,auto,0
11930.84,2,0,17.83,home,0
2523.49,3,1,2.52,auto,0
1757.2,2,0,1.03,home,0
774.33,3,0,19.54,auto,0
821.1,5,1,19.15,auto,0
2834.97,5,0,8.73,health,0
4527.74,1,5,1.49,home,0
420.25,3,0,12.57,health,0
14031.23,6,1,6.22,home,0
7035.21,3,1,18.77,health,0
4416.99,3,1,16.0,auto,0
8814.07,1,1,13.17,auto,0
417.92,2,0,6.05,home,0
3239.33,0,2,14.17,life,0
4972.52,2,0,6.14,home,0
8820.32,4,1,1.23,home,0
7650.12,5,0,10.41,auto,0
1622.21,6,0,10.03,home,0
14140.94,6,0,15.38,home,0
663.92,6,1,17.38,health,0
10402.56,3,1,7.41,home,0
17692.01,3,0,9.26,auto,0
974.93,5,1,9.67,auto,0
6401.86,2,0,6.82,auto,0
205.6,4,0,15.0,home,0
2599.52,4,2,10.68,auto,0
3631.28,4,1,18.32,home,0
4345.19,5,1,13.18,health,0
13739.46,4,1,4.63,auto,0
5577.53,6,1,3.71,home,0
3281.94,3,2,7.76,health,0
8295.11,0,2,7.27,home,0
15032.23,2,0,8.44,home,0
111.57,5,1,4.08,home,0
20233.85,1,1,19.58,auto,0
450.35,2,2,3.34,auto,0
8420.45,7,1,13.23,auto,0
1644.85,2,1,0.75,auto,0
708.85,5,3,8.44,health,0
2897.8,4,0,6.53,auto,0
5163.51,2,1,7.95,life,0
2397.86,2,2,10.21,health,0
280.55,1,2,12.21,home,0
4574.72,0,3,11.88,health,0
11634.56,2,0,12.8,auto,0
2416.18,3,0,16.97,home,0
1218.85,3,1,17.79,life,0
2922.16,2,0,14.88,auto,0
247.86,3,3,2.04,auto,1
8587.55,2,0,19.25,auto,0
8753.3,5,5,18.97,home,0
4433.67,2,0,14.38,auto,0
2177.84,3,1,10.59,home,0
8041.78,1,0,5.39,health,0
4044.89,4,1,15.25,auto,0
8741.56,0,1,17.62,health,0
4991.01,1,2,13.47,auto,0
7671.78,6,1,12.77,auto,0
4563.52,3,5,4.26,auto,0
2673.38,4,0,7.48,health,0
15843.99,5,1,14.6,health,0
3894.77,8,1,0.83,auto,0
4645.48,7,0,13.0,auto,0
1245.43,3,1,15.45,health,0
4912.83,3,2,7.03,home,0
4238.58,1,0,1.99,auto,0
1021.84,7,1,16.47,home,0
307.18,8,0,3.27,health,0
4636.24,1,1,7.73,auto,0
7213.1,5,0,14.29,auto,0
3705.4,3,0,16.43,auto,0
1285.91,5,2,17.32,home,0
5490.89,2,1,10.84,auto,0
417.48,3,0,9.78,health,0
2915.49,4,0,17.04,health,0
891.85,6,1,11.48,home,0
1019.52,1,1,11.78,auto,0
1130.08,7,2,8.96,life,0
2444.56,3,1,7.77,home,0
262.52,4,0,9.87,home,0
2535.77,6,0,7.61,life,0
3584.2,2,1,7.2,health,0
3301.41,0,0,19.88,home,0
2412.68,1,1,7.06,home,0
9136.31,4,2,5.5,auto,0
785.18,3,0,7.4,life,0
3523.03,3,1,12.02,health,0
320.25,4,0,18.26,auto,0
369.07,5,1,15.86,health,0
4265.01,1,0,16.92,health,0
4173.77,7,1,17.25,auto,0
10520.04,6,0,18.45,home,0
4080.8,2,1,5.08,auto,0
16068.32,3,1,9.44,health,0
249.6,4,0,8.01,auto,0
515.75,1,0,7.95,home,0
225.33,4,0,13.22,auto,0
1024.53,7,0,8.34,auto,0
3896.47,1,2,12.52,auto,0
5186.25,3,2,7.95,home,0
233.28,1,1,6.57,auto,0
14591.16,4,0,7.39,home,0
9231.04,4,2,16.17,home,0
1759.24,2,1,12.22,home,0
401.65,6,0,19.49,home,0
930.97,3,1,16.74,auto,0
678.78,4,1,9.97,auto,0
657.86,2,1,5.23,auto,0
3654.89,5,1,13.64,home,0
1410.8,3,0,14.67,health,0
2216.92,4,0,9.55,auto,0
22784.44,3,1,4.98,home,0
5765.04,3,1,11.37,auto,0
14877.75,6,1,5.45,auto,0
769.0,1,1,18.83,home,0
2407.46,4,1,12.76,auto,0
4045.39,1,2,6.19,home,0
399.32,1,2,4.71,life,0
20.98,4,1,14.48,auto,0
5549.9,3,1,14.3,home,0
5133.59,1,2,12.14,life,0
2644.85,2,0,12.48,auto,0
3363.23,2,0,12.28,auto,0
2684.5,2,1,7.52,auto,0
121.49,3,1,18.78,home,0
2042.64,4,0,9.85,home,0
974.5,7,1,0.9,home,0
518.06,2,0,7.29,home,0
15700.37,7,1,3.04,health,0
4573.46,0,0,7.59,auto,0
6521.84,3,0,12.36,life,0
1894.34,6,2,0.94,auto,0
2497.34,2,0,17.47,auto,0
1351.99,1,2,12.4,life,0
509.97,2,1,6.26,health,0
986.35,6,0,6.57,health,0
7985.42,3,4,9.58,auto,1
5658.97,2,1,5.34,health,0
3958.53,6,0,0.58,home,0
3222.64,3,1,1.02,health,0
12783.15,1,0,7.48,life,0
377.58,3,1,2.92,auto,0
1646.69,4,1,0.94,home,0
2153.44,5,1,17.26,health,0
7626.08,5,1,5.85,home,0
24474.02,1,2,10.31,auto,1
1376.6,2,0,4.0,auto,0
10369.58,7,0,1.41,home,0
8878.13,3,1,15.02,auto,0
1272.25,3,0,2.94,auto,0
2548.57,2,2,1.0,auto,0
2635.39,2,1,11.95,auto,0
19133.97,2,1,0.76,auto,1
997.7,4,0,9.01,auto,0
8026.18,6,0,6.13,health,0
2033.78,10,1,6.73,auto,0
6562.81,3,0,0.58,health,0
2723.73,3,0,19.3,health,0
4318.01,2,0,10.58,home,0
8937.2,2,1,11.66,auto,0
8152.43,6,2,13.49,health,0
10065.39,1,1,16.05,home,0
307.34,4,3,12.35,auto,0
5889.1,6,0,15.36,home,0
754.04,2,4,9.25,auto,0
2687.72,3,0,7.74,auto,0
3976.88,1,2,16.55,home,0
2577.01,5,1,17.37,auto,0
3665.8,1,0,3.19,home,0
28312.69,3,1,11.08,life,0
726.39,3,2,13.83,auto,0
5626.67,4,1,2.13,auto,0
2520.91,2,1,18.63,health,0
713.64,2,2,10.64,home,0
864.25,4,4,13.09,home,0
14906.5,0,1,3.98,health,0
10584.74,3,1,5.66,health,0
11878.04,3,0,2.86,home,0
23857.76,7,0,5.65,auto,1
1167.96,3,1,10.1,home,0
2195.93,2,1,16.76,home,0
5531.49,2,1,10.91,home,0
3306.33,1,1,5.27,auto,0
2709.77,1,1,1.37,home,0
2214.37,3,0,12.63,home,0
4504.31,2,0,8.69,auto,0
4285.32,3,0,19.69,life,0
880.45,6,0,15.71,health,0
3190.83,2,1,16.26,health,0
4031.26,3,2,0.74,home,0
4223.19,2,1,15.67,auto,0
1179.29,3,1,4.29,health,0
6779.24,1,0,11.92,home,0
127.61,1,0,9.22,home,0
2191.22,1,1,11.65,auto,0
7575.47,1,3,3.1,home,0
4149.34,3,0,9.41,life,0
1513.39,6,1,1.22,auto,0
5936.45,5,1,1.3,auto,0
4189.6,3,0,13.33,home,0
7954.15,3,0,19.06,home,0
6640.6,4,2,15.66,auto,0
4709.43,2,0,9.65,health,0
3348.89,3,0,1.59,auto,0
714.63,5,2,1.38,health,0
1514.54,6,0,3.58,auto,0
2715.88,1,0,19.53,auto,0
4572.7,4,1,8.27,health,0
3604.73,3,2,16.95,health,0
1699.68,4,1,14.25,life,0
32.43,2,1,12.31,auto,0
3428.27,5,4,18.98,home,0
1681.74,1,2,4.99,auto,0
6632.74,4,2,9.37,auto,0
121.19,5,0,17.36,auto,0
4395.31,1,2,11.26,auto,0
14191.44,1,1,5.31,health,0
958.28,4,0,4.57,auto,0
3189.98,1,2,15.18,home,0
479.37,4,2,0.75,home,0
4913.25,3,4,18.33,auto,1
3998.45,4,0,0.86,life,0
2615.89,5,0,12.8,auto,0
3684.21,4,1,12.29,life,0
11344.53,3,0,11.78,life,0
1092.61,5,3,9.75,life,0
114.11,6,1,17.12,health,0
9890.38,4,0,13.36,auto,0
4303.3,2,0,15.75,auto,0
11066.39,1,1,2.75,home,0
4543.41,1,1,1.47,auto,0
8307.9,1,0,1.06,health,0
2807.73,2,3,3.37,health,0
6928.67,2,3,13.51,auto,0
12211.62,3,0,10.13,auto,0
4244.6,5,3,15.17,auto,1
997.04,4,3,4.24,home,0
1565.32,2,0,7.66,auto,0
1107.25,4,2,17.83,home,0
1417.5,3,2,18.75,home,0
1829.41,1,2,18.47,auto,0
4049.91,2,1,16.46,home,0
4433.56,1,2,13.92,home,0
2779.98,3,0,18.32,home,0
4778.03,4,2,14.43,life,0
425.47,7,1,19.1,auto,0
459.42,4,1,0.98,home,0
942.68,2,2,18.47,health,0
3649.86,2,1,11.34,auto,0
1203.96,3,2,2.68,home,0
1665.38,3,0,4.69,home,0
2556.74,1,1,17.12,home,0
8353.01,3,0,10.37,auto,0
69.8,3,3,19.66,home,0
5240.24,3,3,2.79,auto,0
5526.32,3,1,8.54,home,0
8013.7,3,2,6.97,home,0
13496.91,5,3,10.56,home,0
101.72,3,2,12.85,home,0
834.9,2,1,13.4,auto,0
10865.3,4,1,0.53,auto,0
3067.23,3,1,2.23,auto,0
4157.34,1,0,1.18,auto,0
5438.77,1,1,17.36,home,0
5682.61,4,1,6.61,home,0
13422.19,3,1,7.66,auto,0
28962.11,2,2,9.28,health,0
6367.64,5,1,17.06,home,0
1692.92,7,1,0.78,auto,0
10591.01,1,0,2.81,auto,0
252.37,4,2,13.86,home,0
1313.85,2,1,19.3,auto,0
11383.89,3,0,13.03,health,0
1479.86,2,0,5.59,home,0
1246.48,0,0,10.64,life,0
743.23,3,0,19.51,auto,0
9798.94,4,1,10.8,home,0
3466.32,0,1,7.78,health,0
5618.01,0,3,7.98,auto,0
1366.05,1,1,19.36,auto,0
7094.92,3,1,14.52,home,0
7135.7,1,0,13.9,life,0
1874.18,2,1,5.03,home,0
2643.95,5,1,11.41,home,0
1176.65,3,2,7.46,home,0
18766.77,5,1,5.18,auto,0
5186.68,3,0,17.96,home,0
13631.88,5,0,7.97,auto,0
1807.62,4,0,6.01,auto,0
7613.8,7,1,18.67,health,0
7259.15,2,1,4.35,home,0
5882.69,4,1,15.04,life,0
16854.16,2,1,13.23,auto,1
2500.71,3,1,18.45,auto,0
700.43,2,0,16.72,health,0
5569.27,1,0,14.25,auto,0
6533.9,8,1,6.63,auto,0
4279.04,2,2,10.16,home,0
1158.51,1,2,18.92,auto,0
3510.5,5,1,0.95,life,0
1871.21,3,3,15.99,home,0
2788.42,1,0,5.41,health,0
5181.27,1,0,4.11,health,0
6836.67,3,2,5.03,auto,0
1321.29,5,0,1.67,health,0
2598.7,1,0,19.84,auto,0
1567.81,1,0,17.46,auto,0
1107.17,4,2,10.66,health,0
7648.22,5,1,14.44,auto,0
11998.38,5,2,11.35,auto,0
2312.02,6,0,16.33,auto,0
6957.12,4,0,16.97,auto,0
11364.9,0,0,5.04,home,0
9358.05,2,4,9.47,home,0
1009.44,3,0,12.88,home,0
15651.11,5,2,19.58,life,0
2363.45,1,1,13.81,auto,0
2071.83,4,0,18.0,auto,0
322.33,3,1,17.0,auto,0
3329.35,3,1,11.85,health,0
577.13,7,0,17.93,home,0
1428.69,5,0,7.86,life,0
1905.88,1,2,7.9,home,0
8272.86,3,1,15.73,auto,0
10416.79,5,0,3.12,auto,0
1801.02,5,1,6.46,home,0
9784.28,6,1,12.37,home,0
9732.63,2,0,8.69,auto,0
7233.43,4,1,18.84,home,0
793.19,6,0,19.19,health,0
5861.12,1,1,10.3,health,0
14504.3,1,1,11.01,home,0
5737.02,1,2,14.63,health,0
2014.47,3,1,9.42,auto,0
3471.53,4,0,4.21,auto,0
5188.41,2,0,15.07,auto,0
3572.57,2,0,14.89,auto,0
638.9,3,1,5.28,life,0
1870.3,5,1,16.74,auto,0
8107.45,5,0,12.47,home,0
9881.47,2,0,5.11,home,0
738.44,5,1,13.21,home,0
15223.22,1,0,5.06,home,0
1993.61,1,0,5.67,home,0
5428.19,4,1,17.04,home,0
6968.11,3,1,18.63,life,0
8355.14,4,0,5.51,auto,0
14570.73,4,2,18.6,auto,0
1876.52,5,0,5.16,home,0
9777.51,0,0,2.79,auto,0
706.01,6,1,1.64,home,0
6104.59,3,2,5.22,life,0
6773.55,4,0,8.01,health,0
5661.72,1,3,18.59,health,0
1453.87,1,1,5.22,auto,0
10319.54,3,0,7.63,auto,0
924.78,6,2,14.82,health,0
275.63,6,2,6.39,health,0
6319.76,2,2,13.85,home,0
3226.32,7,1,8.93,health,0
9455.62,1,1,4.33,life,0
2417.65,2,0,14.81,home,0
921.29,4,2,1.03,auto,0
9052.94,3,0,6.2,home,0
3980.44,7,1,7.45,life,0
1048.64,2,1,9.44,auto,0
6371.69,1,1,13.76,home,0
3578.13,1,2,9.46,home,0
4635.66,6,0,12.09,auto,0
3089.26,1,0,12.12,home,0
8821.96,1,0,7.78,auto,0
8846.94,1,1,18.71,health,0
6178.85,3,0,19.14,health,0
556.9,4,2,11.85,health,0
9127.22,2,0,1.9,auto,0
5558.68,3,3,10.08,auto,1
5970.51,4,1,4.1,health,0
2254.79,3,1,9.92,auto,0
10571.39,3,1,4.18,auto,0
6461.68,2,0,14.23,auto,0
597.24,3,3,2.07,home,0
2619.37,4,1,19.09,auto,0
10874.49,3,2,4.31,home,0
241.73,3,0,13.38,health,0
16274.67,2,1,18.38,home,0
5684.1,4,0,5.33,life,0
4989.89,4,1,18.72,auto,0
1577.39,2,1,8.08,home,0
1430.36,6,1,19.23,auto,0
14241.58,1,2,19.44,health,0
1771.05,3,0,4.17,life,0
7469.52,3,0,16.71,auto,0
2497.14,4,0,4.27,auto,0
749.78,4,0,4.92,auto,0
53.87,6,2,2.14,health,0
3929.13,1,0,3.55,home,0
18602.64,4,0,12.83,health,0
2303.33,2,2,9.26,auto,0
2209.55,4,1,15.92,home,0
2108.67,5,0,6.97,home,0
3675.51,4,0,19.39,health,0
2905.03,2,1,1.47,auto,0
10597.76,5,0,1.73,auto,0
3521.25,2,0,14.18,life,0
3543.92,5,0,17.81,auto,0
744.66,1,1,16.01,home,0
20296.68,2,1,10.05,home,0
1438.23,4,0,5.76,auto,0
380.97,2,0,0.76,auto,0
5440.53,3,0,10.43,health,0
4523.87,1,0,9.77,auto,0
2681.96,4,0,7.21,auto,0
2742.57,1,3,11.77,health,0
7687.07,2,1,14.71,life,0
1088.99,0,3,14.17,health,0
8581.03,1,0,5.63,health,0
5231.24,3,0,11.91,life,0
2714.76,4,0,3.4,health,0
3062.71,0,0,2.87,life,0
1482.92,8,0,15.82,health,0
6973.94,3,0,14.03,home,0
3596.17,3,1,15.47,home,0
1934.6,3,1,3.47,life,0
4532.32,1,0,18.34,home,0
27285.92,4,1,3.1,health,0
2856.97,3,0,17.47,auto,0
12672.04,3,1,7.37,life,0
2115.73,3,0,2.56,home,0
281.44,3,1,6.09,auto,0
1142.3,2,1,4.04,health,0
2712.4,2,0,10.07,auto,0
1239.97,3,1,19.02,auto,0
1.14,3,1,6.89,auto,0
12325.61,5,1,12.44,auto,0
9285.63,1,2,17.89,auto,0
6779.65,1,0,12.79,home,0
918.5,3,3,7.56,health,0
641.23,2,1,19.82,home,0
349.99,4,1,4.15,home,0
6437.3,3,1,10.7,health,0
13211.87,3,1,16.04,auto,0
2815.3,1,4,0.51,home,1
634.29,2,0,14.19,auto,0
3591.23,5,2,5.7,home,0
2144.94,2,1,3.81,auto,0
2348.62,3,0,5.85,life,0
4855.46,2,2,19.35,auto,0
6341.99,3,1,17.89,home,0
586.06,1,0,4.67,auto,0
181.2,4,2,2.78,home,0
25863.1,2,3,7.6,home,1
1324.57,3,0,12.05,auto,0
276.67,1,0,17.41,auto,0
1052.84,1,2,19.34,auto,0
198.69,1,1,15.15,health,0
2486.35,3,0,12.18,auto,0
8107.6,0,1,3.28,health,0
2087.01,2,0,1.94,home,0
2936.58,2,1,12.12,auto,0
5628.69,3,0,11.01,auto,0
3555.48,5,2,17.0,health,0
9882.46,3,0,6.79,home,0
10050.91,5,0,1.27,auto,0
49.8,5,1,8.76,health,0
7526.43,1,1,19.4,health,0
3087.73,5,1,16.01,auto,0
22477.34,3,0,1.16,home,0
3300.81,0,3,17.56,auto,0
21674.17,4,1,9.7,auto,1
7023.7,2,0,7.61,auto,0
1429.12,6,0,7.26,health,0
3865.23,1,1,12.11,home,0
24227.07,2,5,10.85,home,1
9743.14,1,0,13.3,auto,0
512.2,2,2,11.69,home,0
6127.21,4,3,3.31,auto,0
2120.03,5,1,5.52,home,0
35.03,1,0,16.9,auto,0
2583.22,6,2,13.43,health,0
1337.79,7,1,9.24,auto,0
8542.68,2,2,4.06,home,0
2057.4,2,0,0.65,home,0
8787.48,6,1,6.58,health,0
2.99,4,0,1.57,health,0
1839.54,5,1,9.9,auto,0
1379.86,2,1,16.53,home,0
1330.04,1,1,6.07,auto,0
353.11,5,2,17.03,auto,0
1035.89,6,1,14.24,life,0
4054.58,3,3,2.94,auto,0
1722.05,2,0,13.07,auto,0
2701.23,2,0,3.46,auto,0
2364.98,4,0,13.27,home,0
10433.54,5,2,3.28,life,0
11785.15,4,0,8.15,auto,0
3395.8,7,0,11.55,home,0
2003.55,2,0,1.48,home,0
564.73,3,1,3.49,auto,0
15331.08,4,3,6.75,home,1
310.58,2,1,9.52,home,0
1766.62,2,0,17.24,auto,0
1769.58,3,0,4.15,health,0
1931.26,1,3,7.28,auto,0
897.35,2,0,9.78,auto,0
7643.01,3,4,6.27,life,0
653.38,3,0,12.7,health,0
5038.01,4,0,5.5,health,0
661.07,6,2,15.56,home,0
365.73,2,2,10.35,home,0
12008.13,5,0,2.18,home,0
1054.4,2,0,12.73,auto,0
8608.84,2,0,11.6,health,0
3933.23,3,0,7.1,home,0
405.27,4,0,0.72,life,0
15555.51,3,0,4.41,home,0
1418.19,4,2,8.41,auto,0
9817.91,4,4,4.4,home,0
924.48,5,2,11.76,auto,0
9618.79,3,0,14.39,health,0
66.59,2,1,17.19,home,0
3584.95,5,0,13.12,auto,0
7336.28,4,1,13.94,life,0
13651.14,1,3,12.36,life,0
11995.6,0,1,19.72,life,0
8563.58,3,1,5.59,auto,0
10954.83,5,1,5.69,health,0
1110.84,4,2,2.96,life,0
1671.66,9,1,9.97,home,0
1705.19,1,2,2.38,auto,0
2366.48,2,1,5.77,health,0
2498.77,3,1,9.91,health,0
3932.41,7,0,19.17,health,0
871.05,4,4,19.29,auto,0
5876.06,6,0,15.0,auto,0
917.01,3,1,8.09,home,0
1857.55,4,3,17.37,home,0
3499.3,2,2,17.57,home,0
7958.99,1,1,18.25,auto,0
6725.17,1,1,12.98,auto,0
5185.72,2,0,4.43,auto,0
846.67,1,1,2.28,auto,0
3959.82,3,0,18.34,home,0
457.54,1,2,1.58,auto,0
2368.96,2,3,6.27,home,0
2668.05,2,0,10.0,health,0
203.13,2,0,0.93,auto,0
1600.94,5,0,18.18,life,0
15578.15,2,0,6.1,health,0
15355.79,5,1,1.06,home,0
2171.85,5,3,19.88,life,0
220.28,3,0,6.57,auto,0
986.74,4,1,17.6,home,0
2489.69,2,2,9.34,auto,0
14761.42,0,0,13.43,home,0
761.09,1,1,5.2,home,0
7209.37,5,0,10.31,home,0
575.27,5,0,5.52,auto,0
19884.83,5,1,19.05,auto,0
2403.23,2,1,1.69,home,0
7463.49,10,0,5.86,auto,0
2097.25,0,0,17.92,health,0
4939.86,4,0,9.86,home,0
1066.07,1,0,12.2,auto,0
789.24,3,0,13.21,auto,0
13908.28,3,0,1.88,auto,0
12483.72,4,0,0.85,home,0
10922.63,1,2,18.79,life,0
4909.93,0,0,5.79,auto,0
8258.29,4,3,7.92,health,0
357.68,3,1,13.8,health,0
2038.26,5,1,5.11,auto,0
1882.22,4,1,14.79,life,0
5048.14,2,0,9.44,home,0
2199.95,4,1,17.2,life,0
803.82,0,3,5.93,home,0
4537.49,1,0,4.47,auto,0
8420.37,4,0,16.72,life,0
2407.33,0,1,6.86,auto,0
709.37,6,1,8.53,health,0
1095.06,4,1,15.98,auto,0
1355.65,6,1,12.89,home,0
1782.64,4,2,9.11,home,0
5147.23,4,1,5.37,life,0
4593.29,0,0,15.4,auto,0
5954.95,2,1,4.02,home,0
2251.02,3,2,18.6,home,0
8686.29,1,1,3.43,life,0
1141.33,2,0,16.2,auto,0
3165.35,3,1,8.77,auto,0
8070.71,2,0,4.13,home,0
993.22,3,1,8.35,auto,0
581.9,1,1,4.82,health,0
10757.22,4,1,3.15,auto,0
2099.82,2,0,5.16,health,0
5758.01,1,2,17.41,home,0
128.38,4,1,2.57,auto,0
5856.67,1,2,19.46,home,0
1899.73,6,2,0.6,health,0
286.77,3,1,13.34,home,0
4705.64,3,1,17.2,auto,0
1377.48,5,0,18.71,auto,0
2445.38,3,0,3.31,health,0
420.07,5,0,14.12,auto,0
795.94,2,0,2.59,life,0
1768.95,3,1,7.38,home,0
470.23,6,1,14.77,home,0
12085.84,6,0,7.25,home,0
30.33,3,1,6.61,home,0
3306.89,3,0,2.76,life,0
657.65,3,1,1.8,home,0
1838.53,1,1,2.75,auto,0
13022.48,5,1,17.57,home,0
881.86,3,1,0.72,home,0
16882.38,4,0,14.01,health,0
1152.06,1,1,15.49,life,0
6765.58,3,0,11.57,home,0
3955.75,5,0,14.75,auto,0
10791.5,3,1,13.22,home,0
4037.11,1,1,9.38,life,0
3823.85,3,1,7.96,life,0
1087.41,3,1,18.86,life,0
908.98,4,0,19.45,auto,0
12413.89,2,2,13.2,home,0
1986.28,6,0,4.35,auto,0
2326.73,2,1,9.23,auto,0
7131.91,4,3,10.18,auto,0
2068.67,2,2,15.28,auto,0
15189.28,7,1,13.52,auto,0
6695.68,7,0,10.54,auto,0
4549.42,2,2,13.77,auto,0
10638.76,5,2,0.97,auto,0
254.39,3,0,15.64,health,0
1485.72,3,0,4.63,auto,0
3127.78,1,0,13.3,health,0
1287.24,2,1,2.72,auto,0
6811.04,4,0,2.73,health,0
12579.39,5,5,1.2,auto,0
2756.24,2,2,18.25,auto,0
2093.76,2,0,12.29,home,0
16292.08,0,0,7.56,life,0
2942.61,5,2,15.86,auto,0
3357.4,2,2,12.71,auto,0
2166.62,2,1,12.59,life,0
12014.71,4,1,10.0,auto,0
4207.72,6,2,0.65,auto,0
7181.09,1,1,5.54,life,0
8351.43,2,1,2.63,health,0
2091.6,1,1,13.42,auto,0
2843.11,2,0,5.35,life,0
9434.92,2,2,9.28,home,0
2256.93,1,3,7.39,auto,0
7897.82,4,0,3.29,health,0
14150.44,2,1,19.19,home,0
4880.34,2,0,18.7,home,0
6766.76,0,0,2.15,life,0
8176.27,2,0,16.63,auto,0
9322.93,4,1,10.02,home,0
2513.07,3,0,15.59,home,0
263.12,1,3,3.45,auto,0
2569.79,7,0,3.08,home,0
5600.55,2,0,17.87,home,0
2992.37,3,0,18.01,health,0
6910.78,3,0,9.59,health,0
2207.92,5,4,17.47,home,0
5035.79,1,3,13.52,auto,1
1031.55,3,0,4.11,home,0
6918.88,1,1,6.91,auto,0
3944.94,3,3,3.15,auto,0
1141.18,3,1,15.59,home,0
1725.93,5,1,19.71,home,0
6903.72,5,5,11.15,home,0
3294.71,2,1,13.29,life,0
1216.93,1,1,15.05,auto,0
17097.5,2,1,4.87,auto,0
6278.52,1,2,7.05,home,0
15748.48,4,0,8.54,home,0
2785.26,5,2,12.09,auto,0
3222.74,5,1,17.08,auto,0
11411.72,0,1,5.46,auto,0
3722.72,5,0,9.68,health,0
6142.68,1,0,15.15,health,0
1452.92,2,1,2.2,auto,0
2959.51,2,1,10.5,auto,0
658.81,0,3,3.32,auto,0
1153.23,3,2,11.01,auto,0
4.72,1,2,15.47,auto,0
200.28,4,2,5.12,auto,0
18923.39,3,3,17.06,home,1
1387.69,3,1,7.03,auto,0
5442.97,5,2,4.22,home,0
9134.85,3,0,9.57,auto,0
3999.88,4,1,17.58,health,0
831.13,1,1,1.84,life,0
6511.91,1,0,6.89,home,0
4584.6,4,0,13.24,auto,0
6569.88,2,0,7.47,auto,0
7342.87,3,1,1.88,auto,0
18527.15,1,1,6.97,auto,1
4261.46,3,6,16.51,home,0
2090.03,4,2,19.38,home,0
5227.22,2,1,1.28,auto,0
354.48,4,2,11.6,health,0
11384.46,9,0,2.55,auto,0
635.65,4,1,13.77,auto,0
1986.32,2,0,0.65,home,0
8457.18,5,1,0.79,auto,0
4547.97,0,1,15.65,home,0
